-- EyeFocus V2 — Data Export
-- Generated: 2026-06-10T03:57:20.438Z
-- ⚠️  Contains real business data
-- Restore order: run schema.sql first, then this file

SET session_replication_role = replica; -- Disable FK checks during import

-- ── tenants ──────────────────────────────────────────
INSERT INTO "tenants" ("id", "name", "slug", "tax_id", "phone", "address", "logo_url", "is_active", "plan_type", "created_at", "updated_at", "plan_expires_at", "trial_ends_at", "max_branches", "max_users", "is_suspended", "omise_customer_id", "last_charge_id", "billing_email", "payment_method", "dunning_count", "dunning_next_attempt_at", "require_2fa", "ip_allowlist", "permissions_config") VALUES
  ('0294e11c-eb3c-472a-8eda-524f742da8a9', 'EyeFocus Platform', 'system', NULL, NULL, NULL, NULL, TRUE, 'enterprise', '2026-06-07T09:39:28.502Z', '2026-06-07T09:39:28.502Z', NULL, NULL, 999, 999, FALSE, NULL, NULL, NULL, 'promptpay', 0, NULL, FALSE, NULL, NULL),
  ('11172af3-86f2-4785-928c-e5ee76e385b5', 'ร้านแว่นวัตสัน', 'wasan', NULL, '0819020025', NULL, NULL, TRUE, 'pro', '2026-06-07T09:15:59.770Z', '2026-06-07T09:15:59.770Z', NULL, '2026-07-07T16:15:59.480Z', 3, 15, FALSE, NULL, NULL, NULL, 'promptpay', 0, NULL, FALSE, NULL, NULL),
  ('bdff609d-b327-4287-9be9-8489f1ebbdc0', 'Eye Focus Optical', 'eyefocus-demo', '0105566123456', '02-123-4567', '123 ถนนสีลม แขวงสีลม เขตบางรัก กรุงเทพฯ 10500', NULL, TRUE, 'pro', '2026-06-06T23:28:22.544Z', '2026-06-09T08:49:33.445Z', NULL, NULL, 3, 10, FALSE, NULL, NULL, NULL, 'promptpay', 0, NULL, FALSE, NULL, '{"products.view":["OWNER","MANAGER","OPTICIAN","SALES","CASHIER"]}'::jsonb)
ON CONFLICT DO NOTHING;

-- ── branches ──────────────────────────────────────────
INSERT INTO "branches" ("id", "tenant_id", "name", "code", "address", "phone", "open_time", "close_time", "is_active", "created_at", "updated_at") VALUES
  ('49635c97-dc58-4938-9a42-7d68a60a0e25', 'bdff609d-b327-4287-9be9-8489f1ebbdc0', 'สาขาอารีย์', 'ARY', '456 ถนนพหลโยธิน สามเสนใน พญาไท กทม.', '02-345-6789', '10:00', '21:00', TRUE, '2026-06-06T23:28:22.661Z', '2026-06-06T23:28:22.661Z'),
  ('aab3b7d9-fc86-4772-9504-bd6aac8b77a6', 'bdff609d-b327-4287-9be9-8489f1ebbdc0', 'สาขาสีลม', 'SLM', '123 ถนนสีลม บางรัก กทม.', '02-234-5678', '10:00', '21:00', TRUE, '2026-06-06T23:28:22.661Z', '2026-06-06T23:28:22.661Z'),
  ('e5c5ff66-c019-4df6-b35f-c2bae2cca669', '11172af3-86f2-4785-928c-e5ee76e385b5', 'ร้านแว่นวัตสัน (สาขาหลัก)', 'WASAN', NULL, NULL, NULL, NULL, TRUE, '2026-06-07T09:15:59.815Z', '2026-06-07T09:15:59.815Z'),
  ('f930b698-fc56-43f8-a7d8-7dbec3c6fce7', 'bdff609d-b327-4287-9be9-8489f1ebbdc0', 'สาขาทองหล่อ', 'TLR', '789 ทองหล่อ ซอย 10 วัฒนา กทม.', '02-456-7890', '11:00', '22:00', TRUE, '2026-06-06T23:28:22.661Z', '2026-06-06T23:28:22.661Z')
ON CONFLICT DO NOTHING;

-- ── users ──────────────────────────────────────────
INSERT INTO "users" ("id", "tenant_id", "email", "name", "password_hash", "role", "phone", "branch_id", "is_active", "created_at", "updated_at", "roles", "photo_url", "job_title") VALUES
  ('026ea8f7-9a4b-4abb-a821-98b664b3f998', 'bdff609d-b327-4287-9be9-8489f1ebbdc0', 'sales@eyefocus.com', 'สุดา ยิ้มดี', 'pbkdf2:1806f68126710d11ca8860467d7da158:3b2bd63fb1ee43453ac54a1c75190af23d9852f2131d20d1b91639c6bf42190d', 'SALES', '081-001-0005', 'aab3b7d9-fc86-4772-9504-bd6aac8b77a6', TRUE, '2026-06-08T23:59:30.327Z', '2026-06-09T00:13:21.164Z', '["SALES"]'::jsonb, NULL, NULL),
  ('26921563-c17c-47ac-9e99-e09704155dfa', '0294e11c-eb3c-472a-8eda-524f742da8a9', 'admin@eyefocus.app', 'EyeFocus Super Admin', 'pbkdf2:1806f68126710d11ca8860467d7da158:3b2bd63fb1ee43453ac54a1c75190af23d9852f2131d20d1b91639c6bf42190d', 'SUPER_ADMIN', NULL, NULL, TRUE, '2026-06-07T09:39:28.771Z', '2026-06-09T00:07:34.847Z', '["SUPER_ADMIN"]'::jsonb, NULL, NULL),
  ('6acce591-174c-4c46-b0dd-6e9456d5c284', '11172af3-86f2-4785-928c-e5ee76e385b5', 'sgn.action@gmail.com', 'วสันต์', 'pbkdf2:1806f68126710d11ca8860467d7da158:3b2bd63fb1ee43453ac54a1c75190af23d9852f2131d20d1b91639c6bf42190d', 'OWNER', NULL, 'e5c5ff66-c019-4df6-b35f-c2bae2cca669', TRUE, '2026-06-07T09:16:00.371Z', '2026-06-09T00:07:34.847Z', '["OWNER"]'::jsonb, NULL, NULL),
  ('6d1c18f4-d431-43e8-abff-f8cfaa966e3a', 'bdff609d-b327-4287-9be9-8489f1ebbdc0', 'optician@eyefocus.com', 'ช่างแว่น สมใจ', 'pbkdf2:1806f68126710d11ca8860467d7da158:3b2bd63fb1ee43453ac54a1c75190af23d9852f2131d20d1b91639c6bf42190d', 'OPTICIAN', '081-001-0004', '49635c97-dc58-4938-9a42-7d68a60a0e25', TRUE, '2026-06-08T23:59:30.292Z', '2026-06-09T00:13:21.125Z', '["OPTICIAN"]'::jsonb, NULL, NULL),
  ('92b45d61-885d-4101-aed0-5b627248cf27', 'bdff609d-b327-4287-9be9-8489f1ebbdc0', 'owner@eyefocus.com', 'สมชาย ใจดี', 'pbkdf2:1806f68126710d11ca8860467d7da158:3b2bd63fb1ee43453ac54a1c75190af23d9852f2131d20d1b91639c6bf42190d', 'OWNER', '081-001-0001', NULL, TRUE, '2026-06-08T23:59:30.184Z', '2026-06-09T00:13:20.939Z', '["OWNER"]'::jsonb, NULL, NULL),
  ('a332621d-1076-4269-840c-29cdd0fb726f', 'bdff609d-b327-4287-9be9-8489f1ebbdc0', 'od@eyefocus.com', 'ดร.ดวงตา คมชัด', 'pbkdf2:1806f68126710d11ca8860467d7da158:3b2bd63fb1ee43453ac54a1c75190af23d9852f2131d20d1b91639c6bf42190d', 'OD', '081-001-0003', 'aab3b7d9-fc86-4772-9504-bd6aac8b77a6', TRUE, '2026-06-08T23:59:30.257Z', '2026-06-09T00:13:21.087Z', '["OD"]'::jsonb, NULL, NULL),
  ('a50fdb01-f5ae-4f51-b62e-a50314febe65', 'bdff609d-b327-4287-9be9-8489f1ebbdc0', 'cashier@eyefocus.com', 'มาลี ใสใจ', 'pbkdf2:1806f68126710d11ca8860467d7da158:3b2bd63fb1ee43453ac54a1c75190af23d9852f2131d20d1b91639c6bf42190d', 'CASHIER', '081-001-0006', 'f930b698-fc56-43f8-a7d8-7dbec3c6fce7', TRUE, '2026-06-08T23:59:30.361Z', '2026-06-09T00:13:21.202Z', '["CASHIER"]'::jsonb, NULL, NULL),
  ('ec81be78-9dad-47e9-bce7-b0d2c4d2f39b', 'bdff609d-b327-4287-9be9-8489f1ebbdc0', 'manager@eyefocus.com', 'วิภา รักดี', 'pbkdf2:1806f68126710d11ca8860467d7da158:3b2bd63fb1ee43453ac54a1c75190af23d9852f2131d20d1b91639c6bf42190d', 'MANAGER', '081-001-0002', 'aab3b7d9-fc86-4772-9504-bd6aac8b77a6', TRUE, '2026-06-08T23:59:30.223Z', '2026-06-09T00:13:21.048Z', '["MANAGER"]'::jsonb, NULL, NULL)
ON CONFLICT DO NOTHING;

-- ── customers ──────────────────────────────────────────
INSERT INTO "customers" ("id", "tenant_id", "name", "phone", "email", "line_id", "gender", "birth_date", "notes", "loyalty_points", "loyalty_tier", "branch_id", "created_at", "updated_at", "name_en", "address", "tax_id", "photo_url", "medical_history", "pdpa_consent", "consent_date", "data_erasure_requested_at") VALUES
  ('07b435f2-7ac0-48fe-922c-ab2e245bd718', 'bdff609d-b327-4287-9be9-8489f1ebbdc0', 'คุณสมหมาย ดวงดี', '081-100-0001', 'sommai@email.com', NULL, 'M', NULL, NULL, 5200, 'PLATINUM', 'aab3b7d9-fc86-4772-9504-bd6aac8b77a6', '2026-06-06T23:28:23.103Z', '2026-06-06T23:28:23.103Z', NULL, NULL, NULL, NULL, NULL, FALSE, NULL, NULL),
  ('215f1f68-73dd-4f74-aee9-2306ffcf6b8b', 'bdff609d-b327-4287-9be9-8489f1ebbdc0', 'สมชาย ใจดีมาก', '081-999-8888', 'somchai.jaidee@gmail.com', '@somchai_line', 'ชาย', '1990-03-14T17:00:00.000Z', 'ลูกค้า VIP | ชอบกรอบ Titanium น้ำหนักเบา | แพ้ยา Sulfonamide | ที่อยู่: 42/7 ถ.สุขุมวิท ซ.22 คลองเตย กทม.', 1250, 'GOLD', 'f930b698-fc56-43f8-a7d8-7dbec3c6fce7', '2026-06-07T08:21:47.474Z', '2026-06-08T21:57:50.386Z', 'Somchai Jaidee', '42/7 ถ.สุขุมวิท ซ.22 แขวงคลองเตย เขตคลองเตย กรุงเทพฯ 10110', '1234567890123', 'data:image/jpeg;base64,/9j/4AAQSkZJRgABAQAAAQABAAD/4gHYSUNDX1BST0ZJTEUAAQEAAAHIAAAAAAQwAABtbnRyUkdCIFhZWiAH4AABAAEAAAAAAABhY3NwAAAAAAAAAAAAAAAAAAAAAAAAAAAAAAAAAAAAAQAA9tYAAQAAAADTLQAAAAAAAAAAAAAAAAAAAAAAAAAAAAAAAAAAAAAAAAAAAAAAAAAAAAAAAAAAAAAAAAAAAAlkZXNjAAAA8AAAACRyWFlaAAABFAAAABRnWFlaAAABKAAAABRiWFlaAAABPAAAABR3dHB0AAABUAAAABRyVFJDAAABZAAAAChnVFJDAAABZAAAAChiVFJDAAABZAAAAChjcHJ0AAABjAAAADxtbHVjAAAAAAAAAAEAAAAMZW5VUwAAAAgAAAAcAHMAUgBHAEJYWVogAAAAAAAAb6IAADj1AAADkFhZWiAAAAAAAABimQAAt4UAABjaWFlaIAAAAAAAACSgAAAPhAAAts9YWVogAAAAAAAA9tYAAQAAAADTLXBhcmEAAAAAAAQAAAACZmYAAPKnAAANWQAAE9AAAApbAAAAAAAAAABtbHVjAAAAAAAAAAEAAAAMZW5VUwAAACAAAAAcAEcAbwBvAGcAbABlACAASQBuAGMALgAgADIAMAAxADb/2wBDAAYEBAUEBAYFBQUGBgYHCQ4JCQgICRINDQoOFRIWFhUSFBQXGiEcFxgfGRQUHScdHyIjJSUlFhwpLCgkKyEkJST/2wBDAQYGBgkICREJCREkGBQYJCQkJCQkJCQkJCQkJCQkJCQkJCQkJCQkJCQkJCQkJCQkJCQkJCQkJCQkJCQkJCQkJCT/wAARCAHgAeADASIAAhEBAxEB/8QAHQABAAEFAQEBAAAAAAAAAAAAAAUCAwQGBwgBCf/EAFYQAAEDAwAFBwcGCQoFAwMFAAEAAgMEBREGEiExQQcTIlFhcYEUMpGhscHRCCNCUmJyFRYzNFOSsuHwJDVDVXN0gpOiwjZEVJTSF6PxGCVjRVaVw+P/xAAaAQEAAwEBAQAAAAAAAAAAAAAAAgMEAQUG/8QAMBEAAgIBBAAEBQMFAQEBAAAAAAECAxEEEiExEzJBUQUUImFxM6GxQlKBkfAj0cH/2gAMAwEAAhEDEQA/APVKIiAIiIAiIgCIiAIiIAiIgCIiAIiIAiIgCIiAIvjnNY0ucQAOJUdUaQ2+DYJucPVGMrjkl2dUW+iSRaxU6XSE4pqdrR9aQ5PoHxULcdLp4W5q7jFTN+8GZVMtRBF0dPNnQHPaxpc5waBvJO5Ykt5t0Odesh2b8Oz7FySt08tLXkyVslSR1Au6+tQlbym26kYXeTvDfrSyNYN2O1Z5a+K6NEdDN9napNK7XH/TOdtx0WErHk01oI84iqHYODho+K8813LdQR6wZPb25I3PMm77qhqrl5i6QbVN2nPzdOT7VW9bN9L9iXykF5pL/Z6afpzStDXNpJy127JAVH4+U3/RzfrBeWJ+XlzsAS1TgNwbE0LHPLzLwFb+oz4rnzVvs/2HgU/3L9z1f+PlN/0c36wVLuUCkY9gdRz4ecbCDjYvKX/rzN1Vv6rPivreXh+u1zm1hI3ZYw+9Pmbvb+B4FH9y/c9YjT62ZeHx1LNQAnLQfYVks0zsz3EGpLMYzrMPHcvKEXLvE7W50SdLGdaEe4qTpuXK1yu1pjGMkHzXN3eld+btXa/YfLVPqX7nqin0gtNVjmrhTEnIALw0nbjce1Z7XtcA5pBB2gjivMFDyq6PVQY0VUTXbNnOt27c7jgqfoNMKRjWvpa+SA5yCCW52Y3jxUlr8eZB6DPlZ6BRcht+nl3jbrQ3FtU0NAw7DxnZ+9T9HyouZhtdQB2/pwPx/pPxV8dZW++CiWjsXXJv6KBodOLFXZArWQOAyRP0PWdinWuD2hzSCDtBHFaIzjLyszyhKPmR9REUiIREQBERAEREAREQBERAEREAREQBERAEREAREQBERAEREAREQBERAEREAREQBERAEWBXXqlostLuckH0Gbcd/Utau2k0vNPlmqGUkDftY9JVc7YxLIVSl0bRWXakoiWySgvH0W7SoSs0pnfspo2xD6z9p+C5neOUqiptdtBGal+/nH9FgPtK5XpRyxiQujlr3VBGzmaXYwdmf/lYJ61viHP4N0dGordY8fn/AOHcr3ptb6V5bWXDnpB/RsOsR4DYFpd75WIKKJzoYoadnCWqfj1fvXnq6coV1rSW02pRxcAza7xcfcAtbqKmeqkMk80krz9J7iSqtts+ZPB130w4gs/wdlvfLdzpc1tfUz/Zp26jfTsWkXHlOuVS9xpaeKHP0pCZH+nYPUtNRdWnh2+fyVS1lj4XH4Jaq0qvVZnnLhMAeDDqj1KLklkmdryPc9x4uOSqUVyil0jPKcpeZ5CIi6RCIiAIiIAiIgCu09ZU0pzT1EsJ62PI9itIh1PHRO0Wm9+oXAx1734/SAO/etqtXLRc6bDa6nEo3a0buHcc+1c4RVumD9C6Opsj6nerTyv2OvGpUv8AJ5HbMv6I9ez1rebNpfLEGOtV0ewO2hrX7D243HcvJiyqG611tdrUlVLD2NdsPhuVToa5iy+OsT4nE9w2rlVnhdzd0pGzNzjnYei4f4dx4dS3az6U2m+dGkq2GX9E7ov9B3+C8O2LleulBqx18bapg+m3Y4eG4+pdDsPKDZr45rYaryefIOq44cMdSsjqbq/Osol4FF3keH/3/cHrRFxiwcp11tjmtqHivpPqvd0gOx3xyulWDTWz6Q4ZT1AjqCPyEvRd4dfgttWqrs4T5Mlulsr5a4J1ERaDMEREAREQBERAEREAREQBERAEREAREQBERAEREAREQBERAEREARHODQSSABxKgLnpGG60VF0juMh3DuUZTUeyUYuXRLVtxp6BmtM8Anc0bSfBavdtJXvjkc6VtLTNG0l2NnaVqGkunNHanvYZDWVvFgdsB7Tw7lxnTflQ+ccK2oM829tLCcNZ39XjtXnXaxt7Ycs9CrSJLfY8I6ffeUumpWyR21gmc3+mk2MHbjiuN6WcrLZ5Xfyh9xnB2YdiJp7P3Lnl70quV8eRNLzcHCGM4aB29ah1SqZT5sf+DstWocUr/PqSl20mul5JFTUkRn+ij6LB4fFRaItCiorCMUpuTzJ5CIi6RCIiAIiIAiIgCIiAIiIAiIgCIiAIiIAiIgCAlpBBII2gjgiIDZ7Byh3qxua0zGqpxvjlO3wK6do7yjWu+asbZPJazZhkhxt7CuFICQQQSCOKpnRGXXBqq1c4cPlHszRnlRuNmc2Cuc64UYAGXO6be0O4+K6tYtJbZpFT89QVLXkefGdj2HtC8FaNcotysrmw1RNZS7tV56Te4/FdZ0X00gri2us1c+KoZ9FrtV7OvIXIai2jifKL3VTqOYcSPWCLmuiHK3BVmOiv2pTznotqW7GO+8Po9+7uXSWPbI0PY4OaRkEHIIXpVXQtWYs8+2mdTxJH1ERWlQREQBERAEREAREQBERAEREAREQBERAEREAREQBWKushoojLM8NA3DiT1BWbpdYbZFl/SkI6LBvK5/pNpXDQRmruE2s855uJu89gHvVNtygi6qlzZL3zSPnInyzytpqRgyQXYyO3rXJdL+UjWgkZRzeR0bB053HDnD3e1arp3yiZBnr5dVv9BSRnf/HWVxe+6R1t/qC+ofqxA9CFp6Lfie1eW5zvfHC9z0X4emXPMvYn9JOUKetL6e1l0MRJ1pj57+7q9q01zi9xc4kknJJ4r4ivhXGCxEw23TseZMIiKZUEREAREQBERAEREAREQBERAEREAREQBERAEREAREQBERAEREAV6jraignbUUsz4ZW7Q5hwVZRMZOp45R1DRblIhrSyku5bBOcNFR9F3f1Fdm0M5Sa/Rh7IZSau2n+iLtsY62n3bty8kratFdOqqyFtNWa1TRZ2NJy6PtHZ2LLKmUHvqeGb6tVGa8O/le578sd/t+kVAytt9Q2WN28bnMPU4cCpBeV9EtM6i0yw3WyVodE7a8Zyx7eIcOs7usL0JoZpzb9MKIPhPM1bWgy0zz0m9o6wtum1at+mXEjPqdI6vqjzE2RERbTGEREAREQBERAEREAREQBERAEREAREQBR14vEdti1W4fO7zW9XaUvF4jtsWq3Dp3Dot6u0rl2l+l7bSxxLhNXTbWtJ83tPYs196rRooodjLulemEVoaZJX8/XSDoxk+s9QXCNOdP3Ukz3zSeU3CXa1mejGO3qHYsTTjTl1DJIxkvP3Gba5zjkR54nt6guVTTSVErpZXufI85c5xySV5kYyue6fRvtujp1sr83v7F2urqm41LqiqldLK45Jd7B1BWERbEsdHmtt8sIiIcCIiAIiIAiLMt1muF1k5uipZJj1gYaPE7FxtLlnVFt4Rhot6tvJm9wa+41YZxMcIye7J+C2i3aJ2a2NHM0THvGPnJem4nr27vDCzT1cI9cm2vQWy74OUUlouFccU1FUS9rWEj0qcpeTu9zjMzYKfsfICf8ATldRADQA0AAbgF9WeWsk+kbIfDYLzPJoUHJef6e5Y+5H8Ss+Dk0tTNs1RVynPBwaPZ71tyKp6ix+pfHR0r+k12HQGwRNLX0j5jnOs+V2e7YQrn4i6O/1d/70n/kp5FDxZ/3Ms+Xq/tX+iB/EXR3+rv8A3pP/ACVqbk/sMpBZTyw44Mldt9OVsaLviz92Hp6n/Sv9GnT8mVud+RrKqP72q73BYFTyYTDJprgx3UJGEZ9C6AiktTYvUrloqX/ScorNAb7S5LKdlQ0bcxPHsOCoOpoaqjcW1NNNC4cJGFvtXc1RJFHMwskY17Tva4ZCujrJLzIzz+GwfleDhKLrdy0IstxBPk3k0h+nAdX1bvUtVufJrXQAvoJ2VQH0HYY717FphqoS74MVmhth0smnIr1VRVNDIYqqnkheNmHtIVlaE8mRprhhERDgREQBERAEREBK6P6R1mj9UJICHwuPzkLvNePj2rr+i+l+uGXi0Vb46ppxgHDoj1EcfYuFrNtF4qrLVtqaV+CPOafNeOohUXU7/qj2a9PqnX9MuYnvXk85RqTTGlEE+pT3KJo5yLOyT7TfhwW6LxjotpUKsRXO2TvgqYXAuaD0o3e8L0xyc8otPphSCmqS2G5xN6bM7JB9ZvwV+l1bk/Ds8xzVaVRXiV8xZuyIi9AwhERAEREAREQBERAEREAREQBYF4uzLXTF+A+U+ZHner9dWxUFM+eU4DRkAbyeoLmOlOlDKaKW4VbsvOyKIHbngB2Ki+5VovopdjMPSzSsWqJ85kEtZPksjdw7ewdi4Jpzps+gMjWy89cZ+kSTnmweJ9wWdp1po+ibJWTv52uqMiNh3AdfcFxyoqJaud887y+SQ6znHeSvJhF3S3y6PRutWnj4cPM+/sUyyvmkdJI9z3uOXOJySVSiLaeWEREAREQBEV2lpZ62ZsFPE+WV2wNaMkoEs8ItKRtOj1xvUgbSU7izO2V2xje8rcbBydRRBs93IkfgEQMOxp6nEb/D1rdY42QsEcbGsY0YDWjACx26tLiHJ6VHw+UubODVLLyeUNCWy17vLJRt1N0YPdx8VtccTIWCONjWMaMBrRgBVIsE7JTeZM9WuqFaxFBERRLAiIgCIiAIiIAiIgCIiAIiIAiIgLNXR01dCYaqCOaM/Re3K0y88m0b9aW1Tc2d/MynI7gfit5RThbKHlZTbRCxfUjh9fbKy2TGGsp5IXj6w2HuO4rGXca2gpbjA6nq4GTRu3td7jvC0HSDk8npQ+otTnTxjbzB88d3X7Vvq1UZcS4Z5N+glDmHKNMRfXNcxxa4FrhsII3L4tZgCIiAIiIAiIgMy03aps1YyqpXlrm7HN4PHEHsXWtGdKecfT3q31L4ZYHAiNp6TH9R6/YuMqQsd6qLHWtqISS07JGcHj49RVF1W7ldmrTajw3tl5We+eTzTym00tQc7VhuELQJ4M7R9odhW2rxzohpfLZKylvdqnOrnW1QfP6w/wCC9WaJaUUeltnhuNI7zgBJGd8buIK16TUb1tl2iGq0/hvdHpk0iIthkCIiAIiIAiIgCIiAL45wY0uccADJK+rVtL7zzbfwfA86xwZSDuHAKE5qCyycIObwiG0n0hZVPfM+QR0dOCWknYftd64Xpvpg1/PXKrdqwRDVhiG89Q7yti030iFTK6hheG08O2VwOxzh7gvPmmGkbr7cCyJ2KSAlsY+t1uK8Wbd88enqevxpq93q+iLut0qLxXSVdQ4lzzsHBo4ALERFsSSWEeU228sIiLpwIiIAiLaNE9DJL0RV1mtFRA7BudL3dQ7VCc1BZkWV1SsltiR2j2jNZpBPqxDm4G+fM4bB2DrK6hZLBRWGn5qlj6Ttr5Xec7x9yzqamhpIGQQRtjiYNVrWjYAri8y6+VnHoe5p9JGpZ7YREVBrCIiAIiIAiIgCIiAIiIAiIgCIiAIiIAiIgCIiAIiICA0i0Qor8OdGKeqAwJWjzvvDiuY3W0VlmqjT1kRY76LvovHWDxXbVh3W00l5pTTVkeszeCNjmnrBWmnUuHD6MOp0cbfqjwziSKY0j0aqtHqnVfmSnefm5QNh7D1FQ69OMlJZR4k4OD2y7CIi6RCIiAIiICb0Yv7rPVc1Kc0spw77B+sF3Dkz09m0LvLJHP17fUYbMwHZg7nDt9a86Lb9EL5rsFundl7BmAu9bfeP/hUWQae+PZs09ikvCn0z9AqSrhrqaOpp5GyRStDmubuIKurhXIRyh6jxo1cpjqu20z3Hcfqruq9Km1WRyY7a3XLawiIrSsIiIAiIgCIiAwrxc2WqhkqHDWduY36ziuN6X6QyUFLI4Sh1XUk4J3jrK23TC+Nq6t/zgbS0oI1uBPEn0LhGmWk7WCqulQ482wasTM7/AKrR3ryNbe29sT1tFQkt8jSeUPSI08P4Lp5Dz0wzM4HaG9Xj7O9c6V6tq5a+qlqp3a0kri5xVlTqrVccGTUXO2bkwiIrCgIiIAiLatDNEjd5RW1bS2jjPRBH5Ujh3dahOagtzLKqpWS2xL+huhhuBZcbiwimBzHER+V7T9n2ro4AaMAAAcAvoAAAAwBsAWDcrzS2t8TJxMXSglojjLt2M7u9eVOcrZHv00wojhGcih/xpof0Vb/27k/GqgG+OsA6zTu+C54U/Yt8SPuTCLEorrRXHPk07XuG0t3OHgdqy1W01wySafKCKLrNIqOiq30r2VL5IwC7m4i4DIyNoVr8aqL9BXf9u5TVU3ykR8SPuTKKIbpVbS7Ejp4e2SFzR6cKUhmiqIxLDI2RjtzmnIK5KEo9o6pJ9MrREUSQRRFVpTboHujiMtZI3YWUzNfHju9asDSl282i4Y/wZ/aVipm/QrdkfcnkUdRX+hrXiMPfDKd0czdQn3HwUioSi48Mmmn0ERQw0roHbWx1jhnGRA7BXYwlLpHHJLsmUVqlqoqyBs0RJa7rGCOwjgrqi1jg72EUfcL5SW2dkEwmdI9uuBHGXbM44K9b7lDcmOfCyZoacfORlue7Klsljdjg5uWcZMpFH3G+UtsnjgmbO6SRpcBHGXbB3LG/Gqi/QV3/AG7l1VTaykcc4rhsmUUN+NVF+grv+3cn41UX6Cu/7dy74M/YeJH3JlFTE8yRh5jkjJGdWRuq4eCiX6U0LJJIxHVuMbyxxbASMg4O1RUJN4SOuaXbJhFDfjVRfoK7/t3J+NVF+grv+3cpeDP2OeJH3JSrpIK6nkp6mJssUgw5rhvXKdKdFp9H6jXZmSjkPzcn1fsu7faup0VYyvg56NkrGk4AkYWn0Kqso4a+llpahgfFK0tcD/G9TqtlVLDKNRp43R+5wxFMaS6OT6P1pjdl9O/bFLjzh1HtCh16sZKSyjwJwcHtl2ERF0iEREAVUUj4ZGyRuLXtOQRwKpRAdI0evz52QXCCTmZ4nDWDDtDx1d69g8memsWmujcNUXNFXEBHUMB3O6/FeCLDdHW2sGs75mXDZAd3YfD4rt/JJps/Q/SaIyyHyKpIim4N2ngFXXLwp/ZmyX/vXn1R61RUxSMmjbIxwcx4DmuByCDxVS9Q88IiIAiIgCiNJ7r+C7Y8sfqzS9CM9R6/BS5XMdNbxHW18sjn4gow5rSDux5x9XqCo1FmyBdRXvmaJprczBA2gjf05OlJg/R4LgHKFffLa8W6F3zNMemR9J/7viug6YaQ+R0tZdHnWkdkRg8XHY0fx1LiUkjpZHSPcXPcS4k8SV5Gnjvk7H/g9PWT8OCqXb7KURFuPKCIiAIivUVHNcKuKlp260srtVoRvB1LLwiU0V0dk0guAaQ5tLF0pnjq6h2ldbp6eKkhZBBG2OKMarWtGAAsSyWenslvjpIAMgZe/i93ErPXk33OyX2PoNLp1VHnthQV9/nSh/s5P9qnVBX3+c6L+zk/2qNHnRdZ5TLtlvgrA9087omtwBqt1iSsqey0gYTDWPc4cHx4z61h0VdTUcL/ACmeOEE5Be4AetVTaSWiBmsa+B/U2N2s49wCunOaeIogserIuSnYZWyNw2aN3Re3eCtjge6SFjnDDiNoUDZaWqvE73NgcwzyukDT/RsJ49WzetkmaxkjmRnLG7AevC5qFwsna3zwavUfz9X/AHY/2VLUVnbV04mkq44Q4kBpaSTjuUTUfz9X/dj/AGVO2/8ANGeKnKW2Ca9kRisvH3ZhV1qNI3WE0czOsbPUVh28eQ1WvD0WSH5xg3Htx1qSv9Q2ls1ZK4gOETtTPF+OiO/OFhWmJ9TUU7COm7GR7UhJzjydlhMnFq1zrZb5Uy0kT3R2+IlkjmnBndxGfqjd2qav1W6gtNVNFnnAzUjPU5x1QfSQVH2O3s16Wj3MbgOPZxVdEF5mdseXtM206NulpmyfNUdINge4Yz3AbSsyWyUIBEVdK5w4mLAPrysupnM8mdzGjVY0bmtG4BWlyV7zwdVfHJAV9uDcxTNbI07ism0VcjHCkmeZBj5t7t/cetZdziMlI97R04xrDtxvCiIXB7o3t7CCrE/EhycxtZsS1W3/AJnH4+0rahtGexava269NC3OMkj1qGn6Z2fa/wC9jMoqryOo6X5GTY77J4FTihbhSspql0LXF7cbyN6ybVVlw8lkdlzBlhP0m/uS6GfqQg/Qj7x/P0P92P7SlrX+a/4iom8fz9D/AHY/tKWtf5r/AIiuy/SIx83+S3UWc190jndUMhjZEWZcCcknsV/8X4P6zi/y3LIXxzmsaXvIa1oySdwCqjdJLBNwWckTc6WC3PijFYyaSXOq0NIOzfv71k2KkbLM6qlbmGAa2D9J3AKCpXOvVxkuIaTzh5qmGNvN52HxO1bi+IUVPHQsP5PbIRxfx9G5aZycI5fZXH6uC3JI6WR0jzlzjklanR76n+8SftFbUtVo99T/AHiT9oqrT+pOztE/DYonwsfJXxxucM6uo448VX+AKf8ArJn+U5YbtI7VS6sU9YyJ7QMtcD8FT+NVk/rGL0H4KTnZniJFbfWRLmnipY44opxMA3a4NLcHq2r4qIJ46mJs0TteN4y13WFWssm28suSwjCvFopr1RPpapuQR0XcWHrC49dbXUWeulo6hpDmHYcYDm8CF25a9plo4L5bzJC0eWQDMZ+sOLfh2rRprtj2vpmLW6bxI7o9o5Oi+uaWktIIIOCDwXxeoeEEREAREQBbdo3XPrKURF/ztOAMk/R4Hw3LUVlWysdQ1bJQ4hp6L8fVO9RnHKLabNksnt/kL01bpHo2LfPMHVdCA3bvczrHYD7QumrxtyU6WHQ7SykqecPMTODJdudYH2717HilZPEyWNwex7Q5rgcgg7itOmnujtfoR1Fe2XHqVIiLSUBERARmkdzNqtM07COdI1Y9v0j/ABnwXCNMq8xUraYOzJMcuz52qOvr2rpPKJdOerIaBhwyFuu87wXHge4e1cL0pu7BNWV0rvmoGnHc3gP44rx9fbmW1HsaCrC3P8nL+Ue8eU18dtjd83TjWf2vPwHtWnK7WVUlbVS1Mpy+V5efFWlbXDZFRMF1jsm5BERTKgiIgC6RyfaPCkpPwpUM+enGIgR5rOvx9netN0Xszr3d4qcg8y3pynqaPju8V2JrQ1oa0YAGAOpYtXbhbEen8Poy/Efp0fURF557AUFff5zov7OT/ap1QV9/nOi/s5P9qto86K7PL/oybfaoLi15qZmxsaQBlmtk9yyJNG6GJutT1TC/+x1fWqLU9oje0uAJOcLLmqYKeN0s00cbG73OcAArbLZReERUE+WRAuFwtrXxUr2FpOJYzs1x1Z4KXp521MLZWAgO4HeOxa3DWCvqamqiB5h78RkjGsAMa3itkpoTDTRA7C5odjvS+P0pvsVvng16o/n6v+7H+yvkzKt2DBWz0wGzoAEH0gr7Ufz9X/dj/ZUxHGai1MibgEOLhs3lW5Sim/ZEUs8fkhqSx1N0q42vnqa6Vh1mNlcNVp68DA8VtVLQQ2aF2ZWTVkg1TqHLYm8dvErWi6aInm3ujeP42qYoK0VsWSA2Vux7eo/BQtk1Hg7GKyYukbda0ydQfGT+uFYoJhDUNedmwhS1TA2qp5IH+bI0tPYoAMewajxh7eie9RoeYuJKa5ybGiiaO9wxAQVr2wvGxsjzhrx38CpR0sbIzI+RjWAZLicADvWeUHF4ZNSTLdbK2GinkeQ1rI3OJPAYUBaGOdDSNPnENCpu11bfP5BQPLqbW/lE7fNcB9Bp454nqU1YKMF7qx4xDAOj9p/ALVVHZHMimUsvgziACQOC1e0/kIO/3raCckkrV7T+Qg7/AHqNHr/3uTn2v+9ifr6XymMlv5Ru1vb2KEOs0tew6r2HLT1FbGd5UXc6XUdz7B0Xefjgetcrny4s7JcZIysqm1l4gkbsIpiHN+qdbcpy1/mv+IqGETA8yBo1yME8VM2v81/xFTtSUMIhHvky1A6TVhl5u0wk69QNaYj6EQ3+JOz0qZqqmKjppKiZ2rHG0ucexazbWSVcz62qxHNVODiHH8kz6LfAKqiGXufoSsf9JsWj9G2midXFoAj6EI+11+CyTt2rHqL7Zo9SmiudEIoRqtzO0Enid/Eqz+HbT/WlD/ns+K5buk+hBpLszlqtHvqf7xL+0VtEcjJmNkje17HDIc05BHetXo99T/eJP2ip6f1FnaJyLR0zRMkfVUzC8Z1XZyB6FX+LLf8AraP1/BG3ShjY1j6ynjcAAWukAI8Cn4Yt39YUn+c34rsrZp4SOJLHLM2SJsLzG17XhuzWbuKpVuCphqma8E0crc41mODhnwVxZpd8lq6CIi4dObcoOj7aCqbcaZuIag4kaBsa/wDetPXcLlQRXOgno5hlkrdU9h4HwOCuK1tJJQVc1LMMSRPLHeC9PS27o7X2jw9fRsnuXTLKIi1GAIiIAiIgNosFY+WmZhxEsBDQWjLscO79y9lch+lg0m0NiikeDUUWInjOcN4ewjwXhuzVJp6wNz0ZRqEcOz1rvPyeNKzZdLWUEkhEFaOaOdjcnGPXj1rlb2TTNEvrq+6PV6Ii9ExhfHvbGxz3nDWjJPUF9UBpxXih0dqOkGumxCCe3f6sqM5bYuRKEd0lE5PpZeXyCurw4h0ziG9mdg9S4XykXHya1RUbXdKpftH2W7fbhdQ0sqyTDS5Bx03Y9A964Np7cDXaQSsDssp2iJo9Z9ZXgw/9Lsv0Pbvl4VGF68GuoiL0DxgiIgCIpPRu1OvF5p6UNLo9bXl7GDf8PFck0llkoxcmor1Og6BWc22zCeVgE1UecPWGfRHv8Vsq+NaGtDWjAAwAvq8WcnKTkz6WutQior0CIiiWBRlwttXcbpSeSwuk1I5NbHDzVJopVz2yyRlHcsEZU6HV9ZHzdRQCVm/DiCFjR8nr43BwtMLSOJxgKcRaPmWukVOrPL/goorBT0hEtfPE9rNoggdrF3YSNgCvzzOnldI4AZ3AbgOoK2ipnY5lkYY5Ihllr668V01PTPfGRGA4bs6qmGW+pt9NE2piMZdkgHiviKUrcx24OKGHkwa+iMpEkQy/cR19qR6O3mnlbUQUbi4b25AD29SzkSF2FhrIlDPR9cx8Z1ZI3RvG9rhghY9RRx1B1iMO6xxV9FUpYeUTxlckVNYp5mlrYm1DDvA2+pR7NCGPlBbZSXZ/RFbKrvldQW6vPy6vVrnC0R1LRVKrJh0eizoNX8ISR0cTRnmhgyEdQaN3is6edjmMgp4xDTx+Yzie0niVYRVztcuCUYY5YUXaNG7q6mp3eSPwTnbjrUoiV2bM8HZRz0VSsdFI9jxhzSQR1FUPY2RpY4ZaRghfUVTfOSRGRWStqJXsp4XShvEdSkobZV26maKqEx67jjPFfUV0rsxw0Q2c5Iq6Wy5X2pioqSme+kiIlnfwcfos958Ff/Fi67vI3+kLORdjcopLBx1vLeSKOhNU4km1RkniWtRuhFTrD/7THv8AqNUqin8z9v3OeF/2CqSnNI8wFgjMfR1RwUJbdHrnPHPLHSPLHzyFp6xrFTKKqFu1t47JOGcEVLoVVzv15bW17utwBKo/ESf+qI/1QphFb8z9v3I+F/2CiC1Os9PFTvp205LdbVAA8dirRFnnLc8lkVhYCIiiSC0HlLtODBdI4wM/NSuA3n6JPs9C35YtzoY7nb56OUZbKwt7jwPpwrKp7JKRRqKvFrcTiCK5UQSUs8kErS2SNxa4HgQra9k+b6CIiAIiIACQQRsIW66P3d9LX0Vxa8sc1wcSNmr14WlKXs8xdA+MEAsOdvUf49ajJZLqXzg/QrRW8i/6P0Ny2a00QLwOD9zvWCpVcf8Ak1aSC66JS26SUPlpHBze1p2HHi31rsC3VS3RTM847ZNBc95UK8mejoWE4Y10r9mwk7B7D6V0JcX09ubZdILhNrMc2Hob9o1Ru9OVRrZ7a8e5p0cN1mfY5lpFXsbU1dVIcRwtJJHU0bfYuBVM76qolnf58jy895OV1fTutNPo7VHW6c5EfpO31ZXJF52jjw5e5r+Iy+qMPYIiLYeaEREAXQeTK3BlPU3Fzek93NMPYNp9ePQufAZIA3ldqsVCLbZ6SlGPm4xnHWdp9ZKyaueIY9zf8Pr3Wbn6GeiIvNPcCL4XBoLjuAyVp9LWX+rhbP8AhVsQfkhgp2HVGdgyrK6nPOCEp7eMG4oo+zSVLqYtq6jyiVp2v1A3I7gpBQlHa8MknlZCKPv1bLQWyWWAgTuIjiJGekTgbFBtffiRm9Dt/kzFZClzWckJWYeMG2IqINbmWa7tZ2qMuxjJ61WqmsPBNBERDoRarUVd5mr6xsFzbBFFKWMZzDXYGBxKp17/AP10P+1Yr1p3jtFXi/Zm2ItT179/XQ/7VimbGyvMT5K2u8pycNHNNYB6FyVDis5Oxsy8YJNERUlgRUTuc2CRzThwaSD24WpQVF/lgjkN5A1mg48mYrK6nPohKe30NwRao2W/NOfwwx3Y6mbg+hZMN6u8B/lVPS1TOuDMbh4EkH0hTenl6Mj4q9UbEixaC5U9xY50LiHN2OjeMOb3hZSpaaeGWJp8oIiLh0IiIAi1Sa43WvrKl9FcG09KyQxxgQtfrauwnJ7cqSsk9cJXx11YKnWHRPNhmr6FdKiSWStWZeMEyiIqSwIiIAih9I6mtgjpWUVSKd8suq55YHbME7iljbcnPkfW3HylgGAzmWs29exWKpuO4hv+rbgmERFWTCIiA5hyiW1tHehVRtwyqZrH742H3etaqupcoVv8ssBnbjXpXiTvadhHrB8Fy1erpp7q19j5/W17LX9+QiItBkCIiALKtknN1QH1gWrFVUbzHI143tIKHYvDyeg/k0X80GmHkb3nVqmmPbxyM+1rfSvWK8E8n15dZNLaCsjc3McgcMHa7BBA9S96QysniZLG4OY9oc0jiDuV+nfaJXrnIle2KN0jzqtaCSeoLznpLXSVEFVUPyDO8k+Jz1ld50rqfJNG7jLrauIHNBzjBIxv4b1500geBBG0fSdne07u5ZPiU+kbvhsO2cq5T6rVpqGlB2ve6Q+AAHtXPltXKRUGW/tizshga3HaST7wtVUdPHFaM+sluukERFcZgiIgJTReh/CN/ooCMt5wPd91u0+xdlXN+TOl5y6VFQQPmotUd5P7l0heZrJZnj2Pb+HQxXu9wiIsp6BiXaUQWurkJxqxO9ih7bRyPpWRsGeaiBd2ABZ+kz9WzytG+RzIx4uAPqyrtnjBp6jO5zQxaqeINlM+ZGNbZdSoAzsdsUwtbpteFxjd58Liw9uDsK2KN4kja8biMqF8eckoPKNf0glNTdqOjG2OBpqJB9rzW/7lcngfT82JMAyN1wOOFYtTfwtd6ioBy2efm2H7Ddme47T4rM0ie38NU72+bJE9jR2NIx7VoitqUSrOcyJSldrQNPYrqxba7WpgOpZSx2LEmXx6CIigSNXj/Prh/eXewLbYKsxwRsZFAGho3xNJ9JC1KP8APrh/eXewLMk0ilpyIxbKiUNGNZjm4PpK2zUnFKP2M6aXmNk8uk/R0/8Akt+Cpmq5JoxG4RhoORqsDfYFrX40y/1PWfrM+Kl6GqfWU4mfTyU5O5jyCcdexUTjYl9ROLg3wZCIipLS3Ufm8v3D7FB2LVPkes0OGqNh3HYpyo/N5fuH2KDsX/KfcHsWmjplVnZs7qpzhgxU+OyFvwWBW0kM7C5kTY5PsbAfBZCKlWyXqS2I1otMczZ4jqysOxw4jqPYthp5m1ELJW7NYbR1HqULXjmrpIwDDXsEg79xUnbPzfPAlXXLdFSIw4eDLREWYtCj77WuoLXPLGcSuHNx/edsHtUgtcvszqy701GD81St5+Qdbzsb6Bk+KsqjukiFjxEydHrRF5PzLsiKnj2kcTwViCYh4kDS0td5p4EHcp+ij8mtsbPpTHnHd24e9QddF5PcJG46Mo5xvfx/jtWrfmTiytLCyTrHiRoe3c4ZC+rDtkuvAWHew+orMWKUdrwXJ5CIi4dIXSPz6D+2P7JWXaPMl7wsTSPz6D+2P7JWXaPMl7wtUf0in+pmeiIspcEREBZradtXSTU7gCJWOYc9owuHSxmGV8bvOY4tPeF3dce0vpPItI62MAAOfzgx9oZ9626KXLieX8Sh9MZEOiIvQPICIiAIiICes9UYJqSfOAxzcnOzAPf1L3rydXD8JaE2iYnLmwNiPe3o+5fn5QO+ZA6nEbwPavbPyebp+EuT6Jpdl0Mxadud7Wu96speJllnMEzZeUmcwaKVONfpuY3ojJ39S8/X2QuliZknDSdrA3f/APC7jyuTNi0dga4vaH1LRrN3jouPuXB7u8Pq9j3PAaBlywfEZfXg9T4bH6MnE9M5ue0lrTnOq4N9AChVn3+Tnb3XP653j0HCwFpgsRSPLteZt/cIiKRWEREB0bkxp9W3VlQQOnMGDwGf9y3Na9oFAIdGKZ3SzK57zn7xGzwAWwrx73mxn0eljtqivsERFUaCC0odrvt1OD51QZCOsNafeQpO1NxRE/Wf7Aom9HnL1TM4RQuf4kge5TdE3UoYe3LvWtT4qKV52RFzj5m4l24TN1vEbD6sKqprzS2Ope04ka3VZt26ztg9ZWTfIdalbOPOgeHeG4/HwUTNTtqNTWc4ta4O1QdhI3ZUq0pxWfQSym8EpotQtpKcuAw2CIMb947PirekLceRy4yWzameoFp+AUpRx8xboWcZCZHe5YGkDSbcXD6EjHeGVGU82obcQZXandBzVnqLtbvnXN61KKq5fUTh0ERFUTNXj/Prh/eXewLZYaK2CFmvTSyOLQS7ncZPdha1H+fXD+8u9gWwR1lNzbczxjAxtcAtlknGKa+xRBJ9l/yO1f8ARSf5x+CuSGHotgiMTGtxgv1vHKxvLKb/AKiH9cKuOaOX8nIx+PqkFZpTm1hlijFPgrREUCZbqPzeX7h9ig7F/wAp9wexTlR+by/cPsUDZntjZSveQ1oYMk9y00eVlU+zYkWLJdbfGCX11K0DeTK0Y9ajKzSmAuNPa2mun3a7PyTO0u3HwyqY1ylwkSc4rtlqvm56+zMaQWwQtYccHE5x6MelTtFEYqGHO94LvDKhtHbHLUSGMvL3OcZaid3bvJ9y2OpkbJL82NWNoDWDqAWi7EYKJCGW8lpERZC4pkkbEx0j3BrGgucTuAC1S2yOquduEjSHVUhkDTvDNzR6MKV0oqNSgbSMPzlY8RAA7dXe4+gesLJsNBTubJNUR68EIDWszjWdwC1ULbFyZRN5lj2MafSOqMmG2t7mtAaCJWgYHesOquNRcHw61A6Dm3Z13SNdsI2jZ4ehbRqW3+rI/wDMcvjo7c5pAtsbSRsPOO2LqnUnn1/yNsuv/hB2+XmqluTsd0Spla7k849pbqua4tIHBT1NLz0DH8SNveoXx6kTg/QuIiLOWELpH59B/bH9krLtHmS94WJpH59B/bH9kq9bqmGna8TSsjyRguOFrj+kU/1MlEWN+EqL/rKf/MHxX0XGiJAFXTknhzgWXa/Yt3IyERFw6FzXlLp+bvEE+BiWHHiCfiulLReVCIc1QTbc6z29nBaNK8WIx66OaWaAiIvVPACIiAIiIDMoXYY8E42jHRz1r1p8lO489YLlRuLssMUjdbj54PsC8i0ry17gCRkL038k6oLK2qhLiRNSvdg9bZG+4lSg8TRY+azq/LN/w9R/3sfsOXCbh+cnuC7tyzf8PUf97H7Dlwm4fnJ7gvP+I/qnrfDv0jglwdr19S48ZXn1lWFerPzub+0d7VZW1dHjS7CIi6cCIiA7HopFzOjlvaDnMId6dvvUso3Rr/h+3f3dnsUkvEn5mfT1eRfgIiKJYRTrLV112qKlroWRiNkbeckDc7ycZ71MPg8lbHAXxvLGAEscHDPeFQisla3HaQUMPJRNE2aJ8TvNe0tKwLdo/VzRRc5JTR7dV2vKAe9SSJXY4CUcl2pLeeLWEFjOi3G7A2LAutO6qt08LNr3N6PespFDc87juOMGNQ2WqgIlklpQA3JAmbn0LJRFKc97yIxwERFAkRFLYaueesmDoGNknc5vOShpIwNuFVLoaZnl8rbc9x4ukaSpVFoWoa9CrwyH/Edn6K2frsUjQ2Nlnp9jaRrnu2iBzSfHCvouTvclhiNaTyERFQWlEzS+GRo3lpA9CjqTRusFJC10tICGAEGZvUpRFZXY4EJRzyRbNCwX51bYD184xZ8GjdHSnFTXMcBvjpm5/wBW72q6iseokyKqMiWpjbAKakhFPTj6IOXPPW48VjoiolJyeWWJJcIIiLh0iZrLV3W7uqswshpo+bi52QNyTtcQD4DwUyKbyGkipteN7vyjzG4OGT2jqCoRWu1uO0rUMPIREVRYR01pnqLg50JiayRmSXvDQHD+As2nt89DGRLJA9pOzm5Q4g9yuIrHa3HayCjh5CIirJkfdbfPcJqJkOr0JS5znOwANU8V8l0XnnbqyvoXt6nTNIUiiuhc4rGCtwy8kR+Jbf0ds/XYr1JocyOpje6O2ANOc84xSKKfzMiPhIEYOERFmLgtP5TYtaz0sufNqA3He0/BbgtS5S/5gg/vTf2XK2j9RGfV/oyOZoiL2D5wIiIAiIgLkH5UL0d8lyXUv1O39JTzj/Vn3LzhB+Vb/HBeh/kxuI0mtwG4xVGfQV1eaP5LV5Gdu5Zv+HqP+9j9hy4TcPzk9wXduWb/AIeo/wC9j9hy4TcPzk9wWD4j+qer8O/SOB1n53P/AGjvarKyLkzm7jVM+rM8f6isdbV0eNLthERdOBERAdn0a/4ft393Z7FJKJ0TlM2jdvcRjEQb6Dj3KWXiT8zPp6vIvwgiIolgREQBERAEREARUl7RnbkjgBk+pC4tLtYBgA855GD6MlcBUixTXxB2Ofo/8/8Acr4k1mgs1Zc8Y3AgeJwutYC5K0XwuA3nHeML6gCIiAIiIAiIgCIiAIiIAiIgCIiAIiIAiIgCIiAIiIAiIgCIiALUuUv+YIP7039ly21adymyltopYsbHT62e5p+Kto/URm1f6Mjm6Ii9g+dCIiAIiICuD8q3+OC9DfJk/wCKLb/ZVHsK89U4zIF6J+S8wv0lpD9SnqD68e9dXmj+S1eRnauWiMu0Xgk57mhHVNcTq53tcPeuD1RBkyJDJkecRheiOVaB02hdYWF4MbmP6DdY7HDgvPFUXOLXO187umAPYsXxJYsz9j1PhrzXj7nENIouZvtez/8AM4+k5Ucp3TeHmdJqsYxrFr/SAoJaa3mKZ5VyxOS+4REUysIiIDq+gNRz+jMDduYnvYTnf0s+9bEtM5MKjWttZT7OhMHjxAH+1bmvHvWLGfR6WW6qL+wREVRoCIiAIityytiY5znNY1o1nPO5oQFbnY2NGXdSxW1EtbKYbdTvrpGnD3AhkMX33nZ4bT2L7BR/hOnFRWGWC3P2xwNy2WrH1nHexh9J7As+SoJiZBGyOCniGI4Ym6rGDsA9u9Swl2Ry30Yr7YS3UrrrI8/SitzdRg7OccNY+AHekVts0DtZtnp53ne+se+dx7cud7lH1GktBC8xwc9WyNOCymZr48dg9atnSTVwXWi6Nb9YxsOPQ7K7mX4OJJ/cmjHRnZ+C7WG9Qo4/grE1utVQQZLTRsI+lADE4eLSFapLtRVztSCcGT6jgWu9BwVlqLbRLhmM23GIBtJcKmMfUqvnm7/ref6yrflMtG7UroRAM7J4zrQv8d7T3gd6zV9BwCN4Owg7QVxs6ihrwcdu4jce5VLCfTmiBfStLoScup87u1nV3bu5ZMUrZWtc12s1253u71zJ3BcREXThZq42zU7o3glrsAgHGzKr8mpxsFNTjG4iJoI8cKmpDjCQzGtkYzuzkKuVlQ3W1DRvI3DnHjP+hOQURt5t7ow5xbjWAcSSPE7V8Y3ynL3l/M5IYxri3XwfOJGDjIIAB2jacg4VyMYYdZzXyEjWLfNGOAVFN0YWRHY6NoYfAYymRgeSwAdCGOI/WhaGHxIxnxyqHxc9jWzzkLtZrhszsWQrcQy6WQHLS7VGzfjf6/YuPIWCoSNLNfOBjJzwVMUeTzzx03jYD9FvDuJ3+OOCNhD5nBzwGauvqY84gjZ3bQvlUZXtEUQzJK7UHS1cDic8MDJRBlpsUbpvLzrlxGozpYaGZ3445O3PVhZStyGYEsFC8tHRGrLFjHZ09yQc6IwJW6rhw1gdnDONmUfYXR8gYGB5Gek9xOT2q6qIvNP3ne1VogwiIugIiIAiIgCIiAIiIAtD5UJhq0EONuXvznuC3xc15S6jXvEEGw83CD4kn4LRpVmxGPXSxSzUERF6p4AREQBERAXqVuS53UF6R+SfC6W91MpB1YaOTB7TI396840oxG49ZHq/+V6p+SXb9Wgu9a4EYZDG0ntLyfY1TgsyRY+IHbNMqM1+il2pw0PLqWQhpbrZIGQMeC8vy41cBobg/V1fevW0jGyRuY9ocxww5rhkEdRXlG6UTrbcKuhc1o8nlfFsZjOq4jO4dSy/FI+WRv8AhcvNE5Pyl0xjvMFQB0ZYQPEE59RC1FdG5TaXnLdSVIG2KUtJ7HD9wXOU00s1oza2O25hERXmUIiIDb+TSrEV3npify0WR3tK6UuMaN15tt8o6ng2QNd913RPqJXZ15msjiefc9v4dPNe32CIiynoBERAfHHGAN52BY1LBHcpXVE+H2+mk1WRn/mphvz9hvHrOzgqa10kpjpYH6s9W/mI3D6A3ud4AE+AWe8Qxsjp6ZnN00DRHEzqaOvtO8966uFki+eBNNJUSullcXPcdpKiqC4vuFdU82G+SRHmmu4vePOPdwVd9qn0tsldCSJpMRRkcHOOAfWrdBSst1JDTxDDYmgDtUJzUVn3LK4bn+CmigjpBJSxsaxsTyGgDHRO0LJVNS3UqY6huNSQaju/gfaqlmtX1ZNVLzEsVNDT1bQJYwSNocNjmnsK+QVU9A4RVTzLBubOfOb97r71kL45oe0tcAQeBSFjjx6CdSlz6mbkEZBBB4hFgUb3UzxTuOYj+TPV2LPWpNNZRklFp4YWHIwUkxkGeakPTA4Hr7/44LMVMkYlYWHj6kaCeD605H8bV9WLSSHULHb4zqnuWUuJiSwMNdgPGW5BI8UO0osYs15vKzJMGx5YxgdhrtvScRx4jwK6cMloYA44OsSNudipcxrjnaCNxBwVUrMdPGZJ5Hc65zn7jM8BoDW7AAQAupIcl10bXbHPlI4gEDPiNqqJzgAAADAAGAB1AKyadoJMbpI3H/8AI5w9DiV8kc59NKHEteGkEtOMHG8JkYL7dQEuLSXauqDndtBPsXwNYHF+MvI1QTwGcn0kD0KgUsEYDA2RwbsBdPISe86yra1jG4Ywt7S9zvaSgC+tDBrEtJcQADncrMDNV0ztZ51pNxcSBsG7qV1cBSI2tbhrngklx3HevobjPSce/CtVLDMzmGvdG6XI1mnDmjiR1d/WQqoQGM5oF55vo5e7WJHaTvQFxFambrSQ9Jww/Ow4zsO9J4mzGJrjIBr56DyzOw8Qc4XQXUVt1PC4eZIO6eT/AMkbrRPDS4uY7drbwe9GEXEViSFktVGXmTDWOOq2RzQTkb9UjKuCCEHOo/8AzpP/ACQFaId+wY7EQBERAFxzSytFfpFXTN80Sc23qw0Bvuz4rrlfVCioaipO6KNz/QMrh8jzLI553uJJW3RR5cjy/ic+IxKURF6B5AREQBERAZcAxC3tyV7P+TPbDQ6ByzFuHT1JGcbw1jR7crxzRQc5UU8JG8tByPSveHI9bvwbydWdhbqumiM5/wAZJHqwraV9ROziKRuS838q1C23ad141GtbPqzDB3hw2ncOOetekFx3l+tLta13djHOGHU0hBOB9JmzGOL9vco/EIbqs+xf8Pnttx7nCtMqPyzRysYBl0bedH+HafVlcgXd3NbNEWuGWuGCD1LiFxpHUFfUUrt8UhZ6CvP0UuHE1fEocxmY6Ii2nlhERAAcHI3hdpsFcLjZaOqByXxjW+8Nh9YK4st/5MrlrR1Vue7zTzzBnhuPuWXVwzDPsb/h9m2za/U3pEReYe4F8ccNJX1fHcAOsLgRYoWh1wq6kjPk8baWL7Jd0nn0Bo8VkLGtWs6hfI7fLUzPz2B2qPU0LJUn7HERF7IkrbbTnjK6X9VuP9yy1i3Rh/Ctuk4ASt8SG/ArKWa/tGrT9P8AJ9YBNG+nccbMt/jvVEZcW4eMPbscO1fH6zcSM2ubtA6+xXXaszBUR7iOkP44rnnj90d8k/sylERUl5TIwPbjcd4I3grKgkMkYJ84bD3rHV2n2OParapYeCm6GVkvoiLUZDFLebrweEzdveP3exZLT0R1rGrTqS0kmN07Wk9QcCPaQsludZ4OwB2B6Ao+pLtFuqlfFCeaZryu6Mbetx/jJ6gCVcLeaaI9R2GgN2DI2bF9AAdr7dYAgbdgzv8AVs8SikRLcGuGlsjcYJDdu8cF9j3yff8A9rVWGsyXEEuxgYKo5rGuWyPaXO1twIGwD3LiOsrWO5ofS1Dx5smtqkcQBjPpB9Cvc0DskfI8dWQ0H0DPrX2Yc8xzTsBbq7BjVGMADuC6cBhjbhrXTANGB0/3L7gAADW7yclUvjOctmkA7QCV9a3VBzI557QAgKYv6T+0PsCrVHNausWyvBc7W3AgbB8F9EZ3Omec7NgAK4CiEvc6WYxnVLubYd5LRvwOon9kL6Q/nWuaw4Ox+dmB1q4AxrQyNgZG0BrWj6IGwBfHND2lp4ozqZRJ+Ui+8fYVU7z4/ve4qtzYzIHAO1W7snjhUlgc5hcXANOeigPqod0pYm54lx7gPiQnNuztnfjsa1Vta1gdqN2uxrOJy443DPV2BdOFp0bXVTHOL8tjdjVOOLVcaxjSDrSuxwLtnsXwxh0gfruaQ0tGMccfBfObf+nd+qEBWiHHDPiiAIiIDVuUS4mksXkzfOqnhh7GjafcuXrZ+UG6Cuvhp2HMdK3m9+wu3n4eC1hetpoba0fP62zfa/twERFeZAiIgCqhZrytadxO3uVKv0bcvc8jY1vrP8epDsVl4Ng0VoZbrf6amiaHSyvDWj7TiAPWQv0Ht1FFbLfTUMAxFTRMhYPstAA9i8a/J0sBvHKBQPczLIHmd3YGDPtIXtJaaF2xc+QtS5VLN+G9CLhE1jnywN8oYG7yWbT6srbV8exsrHMe0Oa4YLSMgjqVs47ouL9SEJOMlJeh48pnggtAIx1rm/KLbjSXsVLW4jqmB2ftDYfcfFdX0otY0a0qr7ZuZDMWsGzzDtbu7CFqPKBbTW2J0zW5fSu5z/DuP8di+eqbrtw/we/qYq2htfk5YiIvTPCCIiAKQ0fujrPd6esG1rHYeOtp2H1KPRcaTWGdjJxakjvDXB7Q5pyHDIX1avoBejcrR5LK7M9J0O0s+ifd4LaF4s4OEnFn01VisipL1C+He3v9y+ql+4HqIUGWLsx7T/NVMOI1we/XKyli27LIpYSdscz/AEE6w9RWUu+oMG7M+bglH9FM1x7jke9VK/Uwiop5Ij9IYHYVh00jpIWlww4bHDqI3qi9dM0ad9ouq02U0UuuT8w89L7J61dXwgOBBGQVTGW15L5xUlguyxgDWb5p3K2rdK80z/JpNsL9kZPD7PwV2RpjfqnjuPWpzivMiuubztl2fFcp9smOsK2r1IM1MY6zhVrstfReRCMHCLceeYlzzzEeN5qIR/7jVmP/ACj+9YtQwT19tg1sZqBK4fZY0uPsCyGkuc9xcCHuJHZw9oRhepH3i5vomxwUsYlrJ8iJjjho63O7B61TQaKXG5xmee4VkmNjnCfmIweoYIVEsevfpJHZ6FMxrQeGXOzj0D0KeqagviggbsjiYAAOJO0n+OpccnnauCSitu58kBLaKy2SnmK6oLht1ZpTKx3p9xUnTymaFr3N1HfSb1FXG1NLQuNVVshcxgx887VYMnedoWLfLoyvtNTNTGm6MLg0wAau7sSKk+2ck444XJFCsrr9UOZQSupqJrtQStbmSY8dXO4e1STtB6qBmZqyua/HmvrnB/6ussjRzm7dGwsABhhxHs3OxgFXnOLnFziSSckniuKbl08Ik4qGE1lkPHFW2yQAVElTCNjo5jl7R1h28+K+36abmKMU1RJBz1Q1hezGS0tccbR2BXDUE3Oen+qxj/Tn4KnSGLmm2wAYzUsd6WPXIyluaZ2UI7VKJVSaPXWvLvJa+4y6u/VDNn+lZ9Jopd6V7p6me4OijaXESBur44CxKm41tJS81S0oqQ5+s5hk1NuN+cHrKqtlVX1jXvqqBtKxpwCJtck92AkJOSy3/AsiovCX8kZBDWVs9U78J1cYbUPY1jNXAAOANoUqND7+4AipueDtHRZ/4rCtTzHJVPAyW1ch/wBS+y3m8S1TgLO2TXf5/lQGcnfjVXdzcms/wc2pQTxn/Zev1vrrTT0dI+qqYppZGh8jg3XIIPZhfKXR65VjHPiutXqtOCXOjaM+IXy86wFEHjVf5Q3WAOcHBWSYL1VQc3ao45A05cJGOcB6CEcmpJZEYpxbwXaTRqvpnunqLnLKyNpdqOljIPgBlQjIqytrazFxqomsmLGMj1cAYHWFNUts0hgY+e6Q08cLcAc3G8Ek9pJUZbiW1leRvFScegJOTjFtM5CKlJJozRopdsDN2qG9hliB9izG22W2Qxxz1LqiRw1i5z2uI7OisSW2aXyyGSKmpSxxy0vifkjwKy3U1VSYhrQ0VDQNcNBAz3FS9Ozj/B8REQ4FiXe4MtVsqK1+6JhIHWdwHpIWWuf8pN4D5IrVE/YzEkoHXwHo2+IVlNe+aRRqLfCrcjSZpXTzPlecue4uPeVQiL2T5sIiIAiIgCzIBqU4HF51j7vesRjC94a3eTgKXo4Gz1scTdsYOO8BCytep6f+SlouKW23G+yx4e8NpYieH0n+vUHgV39apyXaOO0X0GtdBLHzdQYhNO0jBEj+kQe0Zx4La1trWIpFMnl5CIimROHfKE0b5msodIYQ4Nmb5NUBrfpN2tcT2gkf4QuVxmKtpHMeA9j2ljxvBGNoXqbTvRpului1fahqCaSPWhc8ZDZG7W+GdncV5SpRLR1UlLUNex7XFha/YWuGwjC8T4hVtnuXqe38Pu3Q2P0OQXagfa7lUUb85ieQM8RwPoWIt85SrRtgusbd/wA1Lj/SfaPQtDV9U98FI87UVeHY4hERWFIREQEpo1eXWO7RVW0xHoStHFh3+jf4LsccjZY2yMIcx4DgRxBXCF0Tk80h8ogNpqZMyxjMGsfOb9Ud3s7li1dWVvR6Xw+/a/Dfr0bqvhGQQvqLzz2TEa7ma052NmaD4jYfcstWKqHnGYHnA6ze9faabno9vnN2OUV2SfWS8sKVnM1JOOhLtHY7is1USxiVmqe8HqKSjlYEJbXkxkX1zS3eF8WJ8G9PJTJGJWFrtxVUL3VERhe756PcevqKKh2WObKwZc3h1jiFZXLDw+iqyGVldlTTrDaMEbCOorLtjNetjzuGSfALFqMNcydnmSYDu/gVI26Mx0tRVEbCOab2k7/Uu7MTwc8TMMlo70RWK2q8kg1w0ySOIZFG3zpHnY1o7ytSWTG2U0r+duFXUD8nRxcwDw5x+13oYB+ssgDAAKR034PpoaDWDnxEy1D2/wBJM45cfTsHY1fV19hdGJNSk1YnYM6zNR3gSR7SseeqraOTWjp/KYz5zA7Vc3uzsPcpCaeKmidNNIyKNgy57jgAd6wo9NrcT+bOrWD6YpnEHxGFDw5OW5FniR27ZGBPHXaQSxwT0nk1E14cYnODnzkbgQNgGduNqnptHaK00fk3ksMNVUAmYNaMtaRsB9uO5XbfpXT1Wt+DWUsEjR0gyMiRv620KPuN7orfK0V1WI5JcuGtkl3WVPEm/wD8IOUUuCkQzx0waCWvaNXW7QsV13uMbCw2oyyjYHMmAY7t27R3YKlLddYauMzUcoljzgktOD6VVWaUWq1PZHWwUDJHjWbrsdkjrwCoQhJNpE52Rkk2Yejlkra2plqKpzTLIdeZ7RhkLBuHcAvmlkzJqmidGCIxWNawH6oY4BSbNITeKMCnlZ5KT5kTNRpI7MbVgVt0t9sfDLWywNc12tGyQaxLsEZDeO9SUXl+7IuawvZEjQVL6Wje6IMD3SAaxaCcYOzaq57hUVMYileCwO1gA0Db4KIn05p6uFsT6eZkQdrazKMt9YG5X6Ovpa+MyUs7ZWg4ON4PaN4XFBxWBKak8mDZgDUVAIyPLJNn+JbJJdqqOZwjcxga44AY3Z6lDM0vtlklfS87SRyseXOD4NY6x27TjtWV5QKv+UNIIl6eQMDbt3cE2NNy9xvTSivQj7690j6R7jlzqoEntwVXUXOso6ZsVNS+UAu1iBIGYVqXSWz0dXqT1UBlgftY9hcGu9GFM0mkQroRPTNpJIzsDhAB7QkoSypCM44cSGo7pc6udsT7UY2Ha55qAcDrxjarNtdq1le7qqSfUFL1+mdJbpHU1VNRwyPjzq8wM6pyM7Bs3FV2y5RtpzJSR0745Xa+s+EEuPXtGUnFuPPAhNRllETUX26md+ranSDOxwqAM+GFmUM9XUw89VUvkxccNHOa5PqUt+F5v0NL/kN+Cs1VdJWBjXtiaGZwI2Bu/uTk5x6GOiIugxLtc4bRb5qyc9GMbBxceAC4tWVUlbVS1MpzJK4vce0rZ9PtIRcq0UFM8mnpyQ4jc9/X3Dd6Vqa9PS1bI5fbPC11/iT2rpBERajCEREAREQGTRR+fKdzBgdpP8FdM5CtEfxq05oIJI9eFknPS5Gzm2bTnvOB4rnbYXMEdOB0/pD7R4e5eufkw6GNs+jU9+mjHP1p5mF5G3mmnaR3u/ZCnXHcy2X0xwdsREW0zBERAF5m5btDnaN6Wm6UwbHRXImZp+pKPPb68+PYvTK1PlQ0OGmuiVVQRj+WRDnqV275wfRzwyMjxVGoq8SGPUv01vhzT9DzDWUsF7tctNIcsmZq54g9fgVxmspJaGqlpphiSJxa4dy63aphSTuo5BzbiSNR2whw3grWeUex4LLvC3fiObA9Dvd6F42nlsnsfTPV1tfiVqxdo0RERegeOEREAV2lqpaKpjqYHlksbg5rhwKtIgTxyjs9gvcF+t7KmLovHRkYTtY74KSXHNGr/NYLg2ZpLoH9GWP6zevvC69S1UNbTx1FPI2SKRus1w4heTfT4cuOj6DSalWx57RcIyMLFlifG/n4R0x5zB9ILLXwjO7YVma9Tan6MphmZURh7DkbiOIPUe1VrGlpn84ZqZwjn+k13myDt+K+w1rHy8xK0wVG/mpN5HWOsdy6uSLWC+Wh28K1JTOAL2DWb2cFeVTHuYctJBUJ1qRZC1x4MFFKNnpn/nNI2TtY7UPwV5s1qiGWWxz38OcmJb6AB7VV4L9y7x4kRHDzsEkLwdR249Skaioa+CCmiBbDC0ADi53FxVVVcZqtgiLY4oWnIiibqtHx8VG1FbHBJHA1r5qmU4jp4W60jz2Ae3ctEYvozTkm8l2aaOmifNM9scbBlznHAAXyhimje261TdSZzcUVOR0omkbZXdTiNw4DbxSOgMM7am6CKapYcwULelHAfrSHc9w6tw7Vee98sjpZXF8jjkuKn5ePUh3yUAYGOO8nrK+oiiSIS504uF4ip6hpdTQRCYMPmueSRkjsA9am2XSzwRx0TI6Y1Gr0+dfhxP2RkbPSrFRUUNI5stbLDE3GrmSQM9ZVctost1hZJzrJGPGWmWPWBHXkKLTzlrgnFrbhPDLsdptz9WqmqzHM3Ja2KPJHYSoaua119p8gH+Tu3j7QVP4EpqKciglMD2H+icdU97dyrrWvbfacPGHeTuz6Qo5jtaj7HWpbk5Ek6spIIYY3zwxOAOWucG8VFSzU9VfGGOSKYNpjktIdjpKXFgtdfDHNcJGazs6rTDr4CxJaG2WyqFPQFms9uucR6mzOFzOK+iW3NnZfudW222nykNBLIstb1uzgD04WHo5o8KiV1VXyh1QW85PUOGdUfVaOA4AK/fojNZ42hutgxuI7A8Eq/T1YhhfETgSkDKbvpjH3G36pS9jOnjtRaWQw1Ixuke8bfDHvUEaWLynn4AGzMOqXDZnsKlFEWqXy2trHxHXjdUakZG44ABx4gpOOFuiK5bntlyXJWNjuTtZgxMwPGRxGw+5Z75o4YHTPIbGxpc49QAyVbv8AEIqhsjd8Euqe47D68ehYF7lJtMlOzPOT4iGOokA+orqX1rPqcf6bx6FGj9G6W0mrlYxpfmeQkbi45wpWnxzYAwB2K62lDLAaZp1fKMsB6gBj2lRtDWsjoWzTHVDW5dngRvUXnKn7kuNrh7Fi1UwuF5rZtVpMkzYGnfsaAPblT9Y5rql+pjVadVuOobFG6HRPhovKpBiQMdM777j8SsxWLmTf/cFT4ikERFIiFrWm2kostCaaBw8sqG4ac+Y3i72gfuUte7zT2OgfVVByQMMZxe7gFx243Ce6VktXUPLpJDk9nYOxatNTve59GDW6nw47I9sxySTk7SiIvTPDCIiAIiIAsmhh5x7pXY1IhrHPE8B/HUVjDbuUkYDTtZTb3ja8D63V4bvShOuOXk2DQLRiq0t0lo7dTgmSeVrA7GcZ3uPcMle+bPaqWx2ultlFHzdNSxNijb2AY29q4T8l3k+bRUc+lVZHmR4MFJkbh9N49TR3HrXoFaqY4WSFkssIiK4rCIiAIiIDzRy9aDO0c0hbfqCIsobidZ/Nt/JzjeCeAO/vytLjMF6tr4pmh7JGlj2r1lphovR6Y6P1dnrQQydvQeN8bxta4dxXj+emq9EdIKq13FjmTQSGKXO7ZuI7Mbe4ryNbp8PdE9jQ6hNbZHL71apbNcZqOUHoHou+s3gVhLqmm2j34btwqaZodVQDWbj6beLfeFysjBwd67Rb4kc+pk1VHhTx6egREVxmCIiALZdDdKnWOc01Tl9HKdu38kesdnWtaRRnBTW1k67JVy3RO7se2RjXscHNcMgg5BCqXMdD9MHWh7aKtcXUbj0XcYj8F0yORkrGyRva9jhlrmnII615NtTreGfQ6fURujldlRAO9USxsnj5ueJk8Y2gPG0dx4eCrRU4L8mJ5C+N38huDowP6CraZGjucMOHjlXRHdANlFTz9XM1Tdvg7VKvHaMEA96+ajcYxjuJC7n3OY9igRXcj+Yq49oLCPTrJzF2cDm3RQEf9RVxt9QJPqVeq3t/WK+ajcEYJB6ySu5Xscw/ctGgke4Gvu2qzP5C3RnWd2GR+30NWTAYqJr47dTMomPGHvB1pZB9p52n2dipGzOABnfjiiOT6OqKPgAbu9PEr6iLh0IiIDCmslJWVwqpYonSloZrPaDu3e1VSaMaQNObZLqRO+iWCRveOpZa+hxG4kLnOc5O5WMYPtp0UktTn1V6rBzkjhJIHEc5Js2ANG4bFi1FBPdNIBUxCOOMROyXvDQMuGBtWQiYXP3Ck+PsZNVSvpIoI3vicdU/k3h2NvYo1trqK68CWMxNY2AtLnvDRnW3bVkomFjA3PO4v11JzMccEropMx4Oo8OHqWGLUKuIwtc1xIxquOCe5XUUXBMkrGm2Yf4iXWodzXOXJ0J2GPnejjqzvx4qYoLZR6ORNJfC+oY3EUEJDmxnrcRs2dSxNY4xk4XxSxnt5I59lgt1cRqqeWMnpPadp6+tVUtiqammhlkdStcWg4dM0EH0qpFyUVLs7Gbj0ZVdH5OYqfXY/mowCWODhk7TtHeo6gsk1S2oGYBGZSWiSVoyDt3FX0RxTWAptPJmPojbbcI3SQufM/dG8Ow1vXjdvWGiLqSSwjjbbywsa419PbKOSrqXhkcYyes9g7V9r7hTWylfVVUojiYNpPE9Q6yuT6S6S1GkFVrOzHTMPzcQ4dp7VfTS7H9jJqdSqY/ctaRX6e/17p5MsiGyKLOxg+Ki0RetGKisI8CUnJ7pdhERdIhERAERXKanfUzNiZvdxO4DiUCWeDJt8IYHVT9zDhg+s/8Adv8AQts5OND6vTXSijtlOHZmkwX4zqNG1z/AZWuFrZ5Y6enBEbOi3O89bj3717C+TtybjRPRsXqtg1LhcWAsDx0o4N4HYXecfBTrhuZbN7I4R1Kz2mksVrpbZQxCKmpY2xRtHAAe1ZiItpmCIiAIiIAiIgC498oDk4N+tn4y2ynL7hRMxOyNuXTQjjgDJLfZnfgLsKOaHAtcAQRgg8VCcFNYZOE3CW5HibR+6GVopJiA8bWZ3kdS1HT3Rn8H1BudK0+TzO+caP6N/wAD7V1vlv5M36D3r8OWxpbaa2QvbqjApZN5Z3Hbj0cNut0NVT363vhnjDtZupLG4b+1eJZCVE9y69T2ouOpr2Pv0OMopfSXR+bR+vMTsugf0opOsdR7QohbYyUllHkTg4Nxl2ERF0iEREAWyaK6Yz2JwppwZqJxyW/Sj7W/Ba2ijOCksSJ12Srluidzo6ynr6dlRSzMlieMhzT/ABg9ivLjNi0irbBUc5Tv1onH5yF3mvHuPauoWLSagv8AFmnfqTN86F56Q+I7l5d2nlXz6HuafVxt4fDJZERUGwIiIAiIgCIiAIiIAiIgCIiAIiIAiIgCIiAIiIAiIgCwLxe6Ox0pnq5APqRjznnsCitI9NqOy60EGrU1ePMHmsP2j7h6lzO43KrutS6prJnSyHr3AdQHALTTpnPmXRg1OtjX9MeWZmkGkVXpBU85OQyJmyOJvmtHvPaopEXpxiorCPFlJye6XYREXSIREQBERAFKiI2+nMOwVEoBl62N3hnfxPo61RQU7aWJtdM0lxzzDDuJ+sewcOs9y2HQTQ64ac6RU1soo3SSTv2uIyGje57uwDauJZZdBbVuZv8A8nzksfphfRc6+H/7XQua+XWGyV+9sY9p7O9exGtDQAAABsAChtENFbfoZYKWzW5mIoGAOefOlf8ASe7tJ+CmVuhDajPKW55CIimRCIiAIiIAiIgCIiAwb5ZKHSK1VNruMDZ6WpYWPa7t4g7wRwI3LxzpzodduS3Sl9NPrPpXdOmqSMRzRdQ+0NxG/juIJ9qLWeUDQS26f2CW11zQyXz6epDQXQSDc4Z4cCOI9KpuqViL6LnXI8pVdLQ6V2cseOi8ZafpRu61yi72qps1c+kqWEOb5ruDxwIXQ7tbbrybaSVFrujHumY7DsAhkrOD2k78hZ93tNDpda2ua8a+MxSjew9R7OsLx03RLD8p6ltcdTHdHzL9zkKLJuNuqbVVyUtVGWSMPgR1jsWMtqeeUeS008MIiLpwIiIAq4Z5aeVssMjo5GHLXNOCCqEQG+aP8ooaxlPd2k4wBUMGf1h7wt5gqIaqMSwSsljO5zHAg+K4Us223mvtEoko6l8XW3e0943LHbpFLmHB6NHxCUeLOUdsRaZZuUelqC2O5xeTPP8ASMBLPRvHrW3wVMNVGJIJY5WEZDmOBCwzrlDzI9Wq6FizFlxERQLQiIgCIiAIiIAiIgCIiAIiIAiIgCLGr7nR2yIy1lTHCwfWO09w3laTeeUl7w6K0w6g3c9KMnwb8VZXVKflRRbqK6vMzdbjdKO007p6ydkTANgJ2u7AOK57pFp/VXEOp7eDS053vz844e4LWKutqa+UzVU8k0h+k85KsrfVpYx5lyzyb9dOziPCBJJyTlERajCEREAREQBERAFn26hZIw1dTkU0ZxjjK76o954L5brcKrWnnfzVLH57+Lj9VvWT6t6zHvfcqlkUMfNxN6MUTdoYPeT18So98IuhD+qRco6Ss0guUcMMTpZZXBjI4x4BrR6l7U5GeS2Hk6sIfUtjfd6toNQ9v9GOEYPUOPWVq3IDyLs0VpItI75TD8KTM1qeGQZNM0/SI4PI9A2da7atlVeOWVWWbmERFcVBERAEREAREQBERAEREAREQGm8pvJla+UmymlqgIK6EE0tW0dKN3Uetp4heRa+gvXJtpDParrTPjdG7D2HzZG8HsPEHrXuxabym8mVr5SbMaWqAgroQXUtW0dKN3Uetp4hUXUqxF9F7rZ5Yu9noNLra17XjXxmKYb2nqPwXLbpa6qz1b6WrjLHt3Hg4dYPELfLva9IuTDSCW3XimfE4HZHnLJ2cHtI2HPq3HbkKXqaa16ZW3DsFw3OHnwu/j0ryfq07w+Y/wAHpzrhqVujxL+TkKKTvuj1ZYKkxVDdaNx+blb5rx7j2KMWxSTWUeXKLi8S7CIi6RCIiAIiIAsijuNXb5OcpKmWB3Wx2FjouNZ4Z1NrlG6W3lLq4Q1lfTMqBuL4+i4+G72LaLbprZbiAPKhTyH6E41fXuPpXI0WeelhLrg2V6+2PfJ3eORkrdaN7XjracqpcNpq6ro3B1NUzQuG4xvLfYtusV60snb80/ylg4Sxa2PEYPpKzT0jjymbqtepvDizoiLVZ9JL5QRa9RamSEbXahLT6DlY0PKdQk4noKlg+w4O9uFV4E/RZND1Va4k8G5otWZyj2V4yW1bD1OjHuKqPKLZBv8AKv8AL/eueBZ7Hfmav7kbOi1f/wBRbH11X+X+9Uv5SLK0gNjrX5+rGPe5PAs9jnzVX9yNqRaTNymQtaTFbJz1F7wAo+o5Tq52yno6ePteS74KS01j9CEtbSvU6MrU9VBSsL5544mgZJe4BcnrNNL9Xux5a+IE7GwDUxntG31qRi0NrK231VwqKh8gjhc+PLsl5Hu3qz5XbzN4Klrt+fDjk2e5af2ehJbC99ZIOEQ6P6x92Vq1z5RLnWMMdK1lGw/Sb0n+k7vQtURaoaaEfTJ59mttn64/BcnqJqqQyTyvledpc9xJKtoi0GTIREQBERAEREAREQBSFttflLHVVS8w0cZ6T+Lz9Vo4n2K9QWhjYBXXEvipvoRjY+c/Z6h2q9LNUXeojiij1WN6EULB0WDqA/glRznhF8K0lukUyyyXCVkMEQjhZ0Y4m7mDrPWTxPFemeQPkKbbWU+lGktL8/8AlKOklHm9Ujx19QO7edu6rkM5AWWtlNpJpTTA1OyWlopNup1PkHXxDeHHbsHoHctVVWOWVWWbuEERFoKQiIgCIiAIiIAiIgCIiAIiIAiIgCIiA1rTvk+snKFZ3W+7UzS8AmCqa0c7Tu62n2jcV5B065P9JeSG9gTZfRvceYq4wTFO3qd1O+z6M717jWDerJb9IrbPbbpSxVVJO0tfHIMjvHUe0bQqrKlNcltdrg+Dxlb7vbdKaN1JVRx844YfA/2tP8YWmaTaEVNoLqmjDqik3nA6Uff1jtXU+Vb5PN40KlfeNGPKLjamkvcG7Z6TvA2ub2jqOe3S7DpuDq0t22fRE+N/3h715U6Z0vMOvY9NWV6hYs79znCLpN/0FpLq11Za3RwzPGtqj8nJ8Fz6ut9VbZzBVwPhkHBw393Wra7o2dGK7Tzqf1de5joiK0oCIiAIiIAiIgJLR6gFyusNOZImZOcyvDW+JK6zebtSaAaPRTRUtPV1EruagaSDGMDJccb1xRXqeOWrkZCHOIzuzkBVTrUmm+kaab3CLjFcv1OwWS9DSWm5+SnZE5waXMaOiCepc00ztzLXpRX0kQwxr2uAA3azQ7HrXUtE7bBY7Q6qrXCKCmZz8zncMDY3vXLDUv0k0nmrJBgzzOl1erbsHsWfTrEpSXRr1bzCEJeY2TQrQI3YCaoadXvxu3nPABT1x0ItU0JiidFI0jY+OTXHgVXpXVvsOglRHTEsfUOZSazdhDTtd6QCPFatycVj2TSUxe4sLsgZ2DYfgFFucouxMsj4cJqhxNTulultdxnopR85E7V2cRvB8RhbxoVoJFcWiaqOGnJ2nAwN5J6licptMyC80FX+lhGsAPqu/f6lK1OnujtPo3UW6i/CbquandEJOba1gLs/azjJ6lc5TnCO31M0IV1WS3+nRMPsOjtS1zLfPTVTAS0vhcXDI4HJXO9MtHRYK6MxfkJ267R9UjeFJcnLn+WPaCdUuyR/hKkuVqQMjtFPjDtSSUnsJHwVcN0LducotucbNP4jWGaHbouerYWYz0s+hdrt1M2Kihp3tBaY9VwPHI2rlGh1F5beom4yAQPEn4ZXV6m8Mnv1RbY4mRtow2PojziWh2fWuavL4XoS+H4Sy/U4rc6N1vuNTSOOTBK6PPXg4ysZbRyj0fk2kj5gCG1MbZAes4wfYtXWuuW6KZ5tsNk3EIiKZWEREAREQBEUha7JVXQlzA2Knb588p1WMHfx7guNpcs7GLk8IwY43zPbHG1z3uOA1oySp2K201la2a4BlRWHaykBy2PqMhH7PpVzy2ks7XQ2jL5SNV9a8dI9jB9Edu9S2g3J1f8AlBujaS10r5MuBlmecMiB+k53D2ngFxJz/BoUY18vlkPSUdz0oukcMEUtVUzuDGMjbkk8GtAXq7kZ5AqTQ2OC9X+OKqu+NaOEjWZSk/tP7dw4da2vkx5IbJyb0YdA0VdzkbiWse0ZH2WD6LfWeK3xbK6lHsz2WOQREVxUEREAREQBERAEREAREQBERAEREAREQBERAEREAIB2EZXFeVb5N1o0vdUXbRwxWq7vy90QGKeod2geYT1gb9pGcldqRccU+zsZNco8CV1LpTyZ3R1tu9FNTOG0wy7WPHW1w2HvBU5BcrJphS+TVMbBKR+Tk2OaetpXsjSfRKyaZWx1tvtugraYnWAkb0o3YI1mu3tdtO0dZXmflI+S7d7E6W56HzOudE3LzSPOKmIfZ4PA8D2FYL9GpfVHs30axpbZco5NfuT2rotaa3E1UO8sPnt+K1J7HRvLHtc1zTghwwQt2odL7rZJjRXSCR5iOq+OYFkrOw52571OyR6O6ZRjIaKjGw+ZK34+tZfEsr4sWV7lstNXbzU8P2ZytFtl55PLhQ5koXCsi6hsePDj4LVpoZKeQxzRvje3e1wwQr4WRmsxZisqnW8SRQiIplYREQH1rS9wa0ZJ3BdH5P8AQ900kdVLHlzjlgd+13BQuhmjDrhOKioaRCzf29i2/TnSlujlmbarQ8+W1ceJ5oxsgj3aoPAn1ehZrZuT8OP+T0NPUqo+NP8AwQXKZpjFWOGj1qfmipnZnlH9PKPcPaoDQiFst3bngW/tLXlsmgcjWXjB34a70OCnKKjW0iiubsuUpG18qUjmaP2+MHoyVDnEdwWvcnbM3Ent9xU5yqOzZ7YOImf7FG8msBdUSydWfZj3qiDxpzXJZ1hk8rIANpH0jE8+GQufLeuVypDr3SUILT5LTN1sbw5xzg+GD4rS6OA1NTHEBnWO3uWihYrRk1L3XPB0Xk0tLtTnXN6UhDR47fZha5yk3dl20rqRC7MFKBTMPXq7HH9bPhhdEoXM0W0Uqrgei6mgJb/au2AekgLij3F7i9xyXHJKqo+qUrC/VvZCNSN65LaMS3Rsz9UNYS4k9mz3qiy3d0umNxqnB4iq53OYXA58/oj0H1LI5PLjZ6a3VIu1fDRsaS3pDL5M8ABtPFSp020Ktsrae1W6pqpXu1efc0RtGeO3pH0Lk1JylwTrcFGD3YwUaZaOzaRVNvjp2lrmazXy4yA04xnu2+lcuex0b3MeC1zSQQeBXcKm7VtJYa2rtxayp5kvaSwOxjfsK4lU1MtZUy1M7taWZ5ke7AGXE5JwNiaSTccP0IfEIxU8rtltERazzwiLJobbWXKXmqSnkmd9kbB3lcbx2dSbeEYyv0dDU3CYQ0sL5pDwaMqeZo3QWpvOXusDpR/ylMdZ3i7cEnv8rqc0Vtp2UFM7YWRee/7zt5UN7l5S9UY5m8fyUts1usrQ+6SCrquFJC7ot++73BW6u41l3eyENDYmbI4IhqsZ4LZ9A+SHSjT+ob+D6JzKUnD6ubLIm/4sbe4ZK9ScnHINo1oFzVXLGLndGbRUTMGrGetjeB7Tkq6uhvliVyitsTi3JX8m26aRmK56SCS2W7Y5sZGJpu4HzR2nb1Beo9HtG7VorbIrZZ6KKkpohsawbXHrcd5J6ypLci1xgo9GWUm+wiIpkQiIgCIiAIiIAiIgCIiAIiIAiIgCIiAIiIAiIgCIiAIiIAiIgNT045LdFeUGHVvdsifUNGGVcXQnZ2a42kdhyF5y07+S5pNo9M6r0Xn/AA1RjaGZEdTH3jc7vBz2BeuUUJQUuycbHHo8AR6TX/RyqdQ3Wnm52I4fDVNLZG+J2qZbfNHNJYxFcImRycBMMEdzgvZGlOgmjWmkAhv9npK7VaWslkYOcjB+q8dJvgVxDTL5I1PK19RojeDA8bqSvBcx3dI3aPFp7wsVmhi3mPD+xtr1zSxLlfc4rcOTannYZrVW4ztDJOk0/wCIfvWrXDRS8W3JmopHNH04+k31Lcr3yecoXJ4576q118EDdpmg+dhPaS3I9KwaLlCrIsNq6eKdvEtOq74LO43Q+5Y46ezny/waKRjYVfop4qapZLNTioY05MZcWg+IXQ33jRS/ba2nZHKd7pY9V36wViTQKx3IF1uuDmHfhrhIB4b0+YS86aI/JS7raZl2blH0bZAymqLXVUDWjAMLxK3vOcH2qW8o0PvrtaG6UnOO4TZid6StIrOTa6wkmmmp6hvDaWO9B2etRFRone6XOvb5iBxYNb2KvZTJ5iyzxtRBYnHK/BL8pFNbaC6UtDbWwERwB8ssbtYue4nYTxwAMd6grDcBbbrBUO/J62q/7p2H0b/BYk1LUUxxPBLEftsLfarS0qK27TFKx79/R1/Se0Pv9mZDGA45EjHAjfjgVf0O0fj0Ztc1wucjY6enbryOzsAG5o6ySueWHT696PQCmp5YpoB5sc7NcN7la0k04velLGRV9SBTxnLYIm6kYPXgbz3rNHTyS2N8G6Wsrb8RL6jAvt2lvl4q7jMTrVEhcAfot3NHgAB4KX0FtZrrk15blrTt7ht+C1lbDYtOrto3RmmtjaWLWOXSGIOe7xK0zi3HETFTOKnvmdI0jsddpFbordF0KdsvOuGqcuIBA3cNq1y4cmsdqsdwrqjnHPhhLo+iWgOHioOflQ0unyPwvJGDwYxo9yi63S3SC4xPhq7zXyxSDD4zO7VcOojOCqIUzikt3Bqt1NU23t5IlFkwWyuqscxR1EmeLYyQpOm0KvtTjFC5gPGRwatDnFdsxRrnLyo2JvKhDT2htDDZI5ZXR6ss08pwSRtw0bh4rQVtkegXk2263ejpBv1WnWd68e9XPJdELYNpqrlIOA6LT7FVGcF5Fk0zqunzY8fk1GKKSZ4ZEx0jzua0ZJU3R6F3Wpbzs0cdFDxkqHaoHhvUkdL5KVhjtVBSW9h4sblx7zxWJFT33SirbDFHWXCd3mxsaXHwaFP/ANJfY54dUfM8/sX/ACDRqzj52WW7VA+izoR571bqtJq6ojFNRtZQ0/CKmGr6SF0rRD5MWmF/fHLc2xWelOC51Qcvx2MG0+Jau56H/J00K0XDJamlN4qW7S+sAMef7Pd6cq2GmzzLn8kZahR4gsfg8u6GckulmnUrXWy2SmBx21MvQiHe4+7JXovQL5Mej2jzYqrSCQXesGCYgC2Bp6sb3jvwD1Ls8UUcMbY4mNYxow1rRgAdQCqWqNSXZllY5FumpoKOBlPTwxwwxtDWRxtDWtHUANwVxEVpAIiIAiIgCIiAIiIAiIgCIiAIiIAiIgCIiAIiIAiIgCIiAIiIAiIgCIiAIiIAiIgGAtK0n5G9BtLXvluGj9I2oecuqKZvMyE9ZLcZPflbqi40n2dTa6PO2knyQbfMHy6O6Qz0z97YK2MSMPZrtwR6CuaXr5NnKJZCXw2+C4Nadj6KcEnwOD6l7URVuqLJq2SPAFfSacaLHFxpLvRtacfymJ2r6SMK1Dp5d4tj+Ylx9ZmPYv0Dcxr2lrgHAjBB3Fa9dOTnQ+9Fxr9GrVO5295pmhx8QAVRLRwfoXx1k16niqLlGmxia3Rv+7IW+0FVHS6w1RzV2Np2b+bY8+vC9VV3ydOTeuJP4DNP/YTvb71AVfyT9Bp88zVXen6tSZp9rSqnoI+iLvn5Pv8Ag84m66GzDL7SWHq5oD2FUGr0JP8A+myeh3/ku91HyQLE8k0+klwiHU+Fr/YQsN/yOqQnoaYStHbb8/8A9i58m/d/7HzkfZf6OIeVaE/1bL6Hf+S+OrtC2DLbTM89gPvcu3f/AEdU/wD+8X//AMd//qr0XyPLe0jndLKh/Xq0Qb/vKfJv3f8As583H+1f6OEOv+jMJPMaPMfs2c41oz7UGm8dP+ZWWjp+rH7gF6IpfkjaLR48pvV1m+4GM9oKm6L5L/J9SkGWCvqSP0k+M+gBSWiXr/Jz51rr+EeVptO7xNsY6GPP1GZPrWG+5365uEXlFZIXnAYwka3Zgb17Yt3Ijyf2zBi0bpZCOMxc/wBROFtdssFpsrNS2Wyiom9VPA2P2AKyOkivRFctZOXqeGbNyO6dX4g0mjleGO+nNGYx35dhdD0e+SZpNXOa683GitsR84NJmkH+EYH+pesUV6pXqUO2TOQaOfJg0Js2q+u8ruso386/UYfBu31rp1k0dtGjlN5NaLbSUER3tgiDdbtJG0ntKkUViil0Qbb7CIi6cCIiAIiIAiIgCIiAIiIAiIgCIiAIiIAiIgP/2Q==', 'แพ้ยากลุ่ม Sulfonamide — มีภาวะความดันในลูกตาสูง (Glaucoma suspect) ติดตามทุก 6 เดือน', FALSE, NULL, NULL),
  ('2a3ca0b7-e3b5-4ce8-9664-f8db29724b96', 'bdff609d-b327-4287-9be9-8489f1ebbdc0', 'คุณอาทิตย์ จันทรา', '081-100-0005', NULL, NULL, 'M', NULL, NULL, 2100, 'GOLD', 'f930b698-fc56-43f8-a7d8-7dbec3c6fce7', '2026-06-06T23:28:23.103Z', '2026-06-06T23:28:23.103Z', NULL, NULL, NULL, NULL, NULL, FALSE, NULL, NULL),
  ('6115ca86-082d-479d-9e9a-2557e0c02425', 'bdff609d-b327-4287-9be9-8489f1ebbdc0', 'คุณนารี งามสม', '081-100-0004', 'naree@email.com', NULL, 'F', NULL, NULL, 120, 'BRONZE', '49635c97-dc58-4938-9a42-7d68a60a0e25', '2026-06-06T23:28:23.103Z', '2026-06-06T23:28:23.103Z', NULL, NULL, NULL, NULL, NULL, FALSE, NULL, NULL),
  ('b42c13d0-5ee0-4b4c-a9b9-edc4c45fc1b2', 'bdff609d-b327-4287-9be9-8489f1ebbdc0', 'คุณวิชัย สุขใจ', '081-100-0003', NULL, NULL, 'M', NULL, NULL, 450, 'SILVER', '49635c97-dc58-4938-9a42-7d68a60a0e25', '2026-06-06T23:28:23.103Z', '2026-06-09T04:12:25.505Z', NULL, NULL, NULL, 'data:image/jpeg;base64,/9j/4AAQSkZJRgABAQAAAQABAAD/4gHYSUNDX1BST0ZJTEUAAQEAAAHIAAAAAAQwAABtbnRyUkdCIFhZWiAH4AABAAEAAAAAAABhY3NwAAAAAAAAAAAAAAAAAAAAAAAAAAAAAAAAAAAAAQAA9tYAAQAAAADTLQAAAAAAAAAAAAAAAAAAAAAAAAAAAAAAAAAAAAAAAAAAAAAAAAAAAAAAAAAAAAAAAAAAAAlkZXNjAAAA8AAAACRyWFlaAAABFAAAABRnWFlaAAABKAAAABRiWFlaAAABPAAAABR3dHB0AAABUAAAABRyVFJDAAABZAAAAChnVFJDAAABZAAAAChiVFJDAAABZAAAAChjcHJ0AAABjAAAADxtbHVjAAAAAAAAAAEAAAAMZW5VUwAAAAgAAAAcAHMAUgBHAEJYWVogAAAAAAAAb6IAADj1AAADkFhZWiAAAAAAAABimQAAt4UAABjaWFlaIAAAAAAAACSgAAAPhAAAts9YWVogAAAAAAAA9tYAAQAAAADTLXBhcmEAAAAAAAQAAAACZmYAAPKnAAANWQAAE9AAAApbAAAAAAAAAABtbHVjAAAAAAAAAAEAAAAMZW5VUwAAACAAAAAcAEcAbwBvAGcAbABlACAASQBuAGMALgAgADIAMAAxADb/2wBDAAYEBAUEBAYFBQUGBgYHCQ4JCQgICRINDQoOFRIWFhUSFBQXGiEcFxgfGRQUHScdHyIjJSUlFhwpLCgkKyEkJST/2wBDAQYGBgkICREJCREkGBQYJCQkJCQkJCQkJCQkJCQkJCQkJCQkJCQkJCQkJCQkJCQkJCQkJCQkJCQkJCQkJCQkJCT/wAARCAHgAWgDASIAAhEBAxEB/8QAHAAAAQUBAQEAAAAAAAAAAAAAAwABAgQFBgcI/8QAPxAAAQQBAwMDAgQEBAYBAwUAAQACAxEhBBIxBUFREyJhBnEygZGhFEKx0SNSYsEHFSTh8PEzFnKSQ1NjssL/xAAZAQADAQEBAAAAAAAAAAAAAAAAAQIDBAX/xAAkEQEBAQEAAwEAAgIDAQEAAAAAARECAxIhMQRRIkETFDJCUv/aAAwDAQACEQMRAD8A+dQCTW1Psdimj+6shma25UhHZAW3qasGFxrv9kURV7cHyrDIKcK/furDIRgEAeSnOQpthLqCMNPi+fhXjpQ1wofKPBpxIOACFc5Ks5sQNKTYQH+0fmtNmja5prkKTNIGu4Veo1n/AMMXO21+aO3SlhIsWtA6UZx8hOzTOfnuBlOchQjhFe4du6mIvbe3PhaLYWvNbawps0oe+hQvACcmFqiGkfZGhcQHUcHsiugLX04BT/hnOI2gg/1QWqzQd/uyiRwgAkjnsiu0z2jLc8UU8QLSQ8W1OmA1rQTjB/NFDYz7eG85UW21znAYRGad8xAHJ8IBmxs9R47gWPlPI1wFgkX8K4Onh+la83uvlVdRG9hAIPlKgNrdzQSQjzRP0rIpCRUg3trt2Q4YZHuLeBz+ieab1I2NIPtBH2s3hBIEGWQGz+akyJ8jXluQ0WT8KMc2w0ReOUTS6p0ImawEiVm05SphhzWOaQbzwi6zYJsDaHNBPlVgSSK5vhSlmdI4vdRcBSNBZLrObHCIxsYy/A5VVgc9wLjkZKMAZJGxgcnlGgz5i1rqHJS/iHuAYQA3bQpSljMZJIwDVqLPwucRxwjQaR7vUAdQoAD9FEZJHAPdPTpHF1Xf9kSDTumbIawwX9ktADQNwFgAKzKWzMGwAV58quBZu6CmDtJPY4RoRIIBwD3Q5Gtd+Eop55AQw2jVco00WwsxTRZ4tCfpXMcPdm1didsA2t3EDugyNLnbiSD4SCq5pDmgkAk5Km+doBbELb3JPJRzFuZTgThD/h7YWitxOEYZoZRGwg/qlJHE5m9rrcTwOyG/SPjdtLiT8J4/Y8kj3HFFJOhOia4Fu3B7qJ05eQxoG2kdw9xaThRDXNPtbSKar6bmbg7DboFJW3wXHbrST9RrEioZ7KQB7JmRo4i4oAqYCjJJA2kn/dWB7SNza45TCAAYF91YDfUptD23lPBDs5JNkeLViIhvahdKAZTa2gEokUPtrdybVEmA0NFKbDTcjIUWxuHcikWr54TlCQO6sVeESJpeSBf91BgAHwis3NBIwD4T0CRtaCWnBUY5BltccFRddByZoJF8ZyghHU2Q2dwdkHlSdqC2Vrmi6UI4ztJPFYITxx3Zqx3tEMpNT6szpMAk8eFA0G3/AEKsN0rXmwKPwpGJhjIwaQSvHGJGnaM1lWengxASDLr4PdIFrWjYOfClppGh5BsYwkYr5yb2tdTc8KrqZt+ntwy08/Csve1zbBAtVdTFv3AC0BUdqniM0MHAKE2cVXdWHwEt2D9FXMRv5SBPdtaTgWEETUcCq7KyGF52OxXKj6bGvd8D9UtoCe+32D3s0kCdpcBaTW7jRF13Km0AAjhGmi5+GkDJSE72jGDfKT7J29gOUMUarA+EiGdqS2MDJCg6bcRQItJ1bGtTOIDQBg9yEaYz59xYG00BoDjXcClKLUenpZmgkB9A/KoglzzkgfKI0bjV4CNCZJDN3bsFAPcfxd/OE5NGrwEg9u6ncFIHc4HAN+UM044OAoiyXAWPiknYG0fmnoFGqIG1jb+UmyhxJPZV2mge+VJ/uZgX9kaBXagg2MgcKRIbF6hJ3E0AFScXYB+yKX7hRIqkgLp5pG7nhpcQOT/Kqsoc94c05cfzVgz7YvSZQByT3Kg5gDasZPAKZIDc3OfFlTa6xbzf2xSG8kmnYUS3eRRoUlhrMb6Y44x5SVbeY8NJ2/HdJPSU2QENs91ZiZRzx3UooxRaT+qPHDxZtBohhuhwRgokUe03m/CI0UdtIjY74IwnKRmttwFYUzE5jhRxdkKTWURx+RR9oJ3X9kAEt8g5RY4SWknspNIODXjJUg4D+ZMB+lQAU2gtZtRAQSCSMHKmza+iKI/oggw0DB5rhTAtmBypkNBz+6eMh7to5CYMIj24IUo4CbrBKIXhuPKYSYtpRoM0GPHHkqJLKv8ANRmlaQci+a4UA4ObRNGsJaEw5gBz+SiSD+HlDDQHcgqbAG4r7ZTNJhbbr5H7JbybAOVCh6lgXfwp137JArcBhtobWtEhofkisu9t/YKO3YQbye6IEHMEhc4Cj/VDdpiWbwbvkKwHBpLrBop4JmRSXILsEAeLQFGSEhocBY7qAYHOAHdXcURYok0EGWMMosI588JDVVrKk2k8mkzotkhbyKU3tpxcRQtRy4g3hI4g07cOvjlNjg5+UnyND8pw8VdpEg6EEE8HspRRkuxzSYvJIF35+UnSbASDRKDM9hOCapM0NL8+UjKaaCOSotfbjVZ/dAOSGvNAlMWhwJJoDtfKaQ0bvPwkJRdgBMIbSO2bSc6ttJnvJIcTdJOeHEE89h4SBnbySa/NREZcbdaJva3HJKh6hNnsEtAxbE0tANoTi4k1+G0zZLcSf0TvmDmkNFWgISuuvOUtwaccpt/ZqTXY4z5T0JCj24ykoSPA4N5SQBA72gg/kMIpcHNF8oYZgCsIvpYseUFpN3EWCAPJRmXWHZJtJrLHItSjjvBQE2lw9r8jsjBzBERkH+qGQWmio3eP1QEhbu6K0uDbwUFrj2GFMNLQQDygCAud5wmcXNZjkFM0OBsnKcvBNE5TCLZCTRxfwis1D4ndrHBQN7WnNBRl1TGiiQPlGkuNkuQk8Ji/a7BseFmSa8MJBd3VZ/VWjl9AqdGNkStLSDi+wUfVaCcLn5OrBv4Xd7Qj11zzQsWOE9PHQnV5RH62MgAGlyZ6tIz+bjOUF3VJHd+Ur0MdadU1rNznYulNmuaQQXDi1xh6hKat5pL/AJlIThxCV6PHZjXNa7cXcGz+im/WMJsObZaHLiR1GQYc7Cm/XvBFSH7p+xY7Ma2MUCQaT+s2W3EgDtlcW3qcv+ZG/wCbTCrd+qPY8dY2ZuBkBEdI1mHG7z9lysfWJHOFmh4Csnq+9xNkNGMp+xY6Bwa7JyD8KEkRIwFkt6wwO9v2Fqy3qLXsY3cB5RoPJCQL+UCWJweA047q1644OUSORpksttoRhqAJAGcjFqYc3IIRHxMeSRjN14QJRsJLQlYDkV8UmaKdd2oh/tN8hMCflLTwpCbICiCST/ROTgiuU4YS7cESgMtLqdname4A0BaLRAOKCh7SbzSRah7pJAAAScAcok0EkbLIIH9VFr3MeXtABB7BSlnkmprzYCegFjiWbAmcNo9pGcJtu0n9Ezm8EFFoO14vuol5JKbZ24TkV/dKUztoVwUlGy1tm77FJGaMazWC725Kd7TwB+qIwWcnCmC1w4AcFSQWWHCxn4RAcmjSkObIFqYANGhflMEKJ94KcMG4WBR4wpNaA23Y+6h6zSCMGuwSCZDWtB+UPftJzSqz9RY0naccFZs/VgSQDgcFFoaz9cGtLRR+6qS9Ta0HNn4WFPr3OcTuPz8qpLqgeCp0Y2dR1QPZ7SbHlUpepSOsA4/qswzkj7oZkd90tPF6XWvd+I34QHzk8oA3GlLYfKQSdOfwhN6jnefukxrKJdSiCzxZQC3OPZNvfeBaXqAVSl6t/CAa3XeUhu7JeqOCOUjKLwgyp1HvSlb/AMk3q4KQkwgYVkHCfc7vdpvVHNpbw75/JMJCRwrkIgncOELc3JBBTnaaJKAuHUskdGSC0DDipN1IBJaTXb5VHaDWU/uAu+/FI0mtF1CUAe+wMq5H1Zzm081m8LnhI6M3dFFGoHcI0Omi1rHU0HHeyrTdkrgAeVykWqqs0rcOtkaALsfdVKG46IBx25H35UJGmxjj91U0/UAMnJ+VcbN6rN+4CzQCoBuaewIKTbaCKwfKIW0A6sdkznWOTjmlNoRDSR7T34USDu9tfKluaDiwUzg0G7v4Uww3MdYFi/hO7AODf2UmuPivlM87iTdFVgwHNUf1UH8geeyKa7kJnFps9qSoMXtOLF/0UC4j/wAtOaF3SiSNpDf+yUCNbh5SSaf8xukkxjSGqqhwpmbbRu1lCS+bRWTENo38JljS9ck32+VJ2uaABfysl+p2i7yqs2tAujf5o0m1L1Ru0g4/NUP+cehMHgWKyseXVOc0k5+VVfqCeMpXo2jr+oifUSOjGxjjxfCoPls5NqsXk8XZRI4ZJD3JU2nDOkt2eFGi7NWjGJsX4zlDMwBpvCCSEALbUXBrQUo5Q8m37Md0Ml5G0190BIS5ukzpSSa4TNie6w0FWIunyyNukGrF5x37pZcbyFpx9Icc2Vbj6LgW2yn6kwg05wpiNxN7TldVpukRMgcHRNMhwCeUm9IF/hb96TsNy4geTWw5T/wsgPGV1I6S0G2iyVM9LAztH2SmByn8LIaoJfw7xYLTa6s9Jb3bSc9HFnF5T+DK5I6dw7JjC8WAK8rqHdJv+XPyEMdIPuO00COQn8NzPpkAYTljh2W/L0ke4EG78cKs/QuJzZxSRMn3DJThxq+PIWg7QusNIz2Crv07uQMIzQE2QOOVNrWHuouhrwMXlCMRHFpAf0qujwnD3s+6Gx72YzaIyVp/EPzSMWOejfdWI9W6PIPdVzp2lpcx1gYQTvAOcpk2o9eZQA4jApGbqLOP6rCZLXPZGj1Dm53C0aG0dQA/HbIUXzFzrWcyfd5RTMOEgterQBu0ny7uTlA3UASeUxuxlOacEc4+VFz9woqBOe5T2duAkEt9C/KgZKJ8eUxaRjChZGMJ2liW+z2SUCe+EkBYwzAoIcmo2AlBm1FE0bVN+oJu8nwjSGlnLxZJ8Ko+TNl1qDpexv7KLWOcK7EpUQzpS40MqUWnc8/BViNsETCZPxD90GfW7jUY2hAophhhzI7PhAOqIvZgeQq5c57skqbGE9rSBwPVD3Ofkee6TdO51cknild0vSpJBur23n4WzoenthNujB8EhVIGHD02R2NpFLQ03Qy73Ou/FLomaRrgCA0Aq0NEQeMjlGwRi6fpDGurb3VxnThwGha7NI0I/pMIHCNORmR6AAiwSrZ0DWgbaqr+ytgMbmk5BoH45S9lSKh0LR7ufsinSRhuRwj3RpLBvmrU6YDYWhv4bUxAwnLB90XZVOCcgHsjQC6Bh5r8kxgBFkZ5RCa4wFEygkN5tBoenG8/hA/JJkFPBAuiDR8o7Y20XKIfRNE5RpYs9K+kdb1xsn8HCZGMdTneCVjarop088sD2jfE4tcO1grp+gfVXUvp1sw0MjQyUgva4Xdf+1lSSmWdz3m3yEvcfJKejGPrdC/Uzule1u40cDAWXP0osdwbXUuAo2cnygvYx/LcHhOUWOPn6ce4wqT9E5huibC7aXSMksNAVGfpo28J6Vjj5IXN/wBwhGLBzS6LU9PIBoLOm0The4cI+JysqnMdYcUZs9inNHj7KZgLeyHLG3dYzeSfnujAm+MOHtUMt5HHdQBdGT3+6kJb/EMhIVNkm2v1Vhs9kWqpbRtufsm3kYPdAaJmBoikRl7Ru5VCOQNINqyJA85dlM1im2SmDjnnlQadjqdwpBzbNfdIHuwbN/7KAxyiHk2oVZygU3BoEYSSIwcZSQGbJL5yVWLi4pxb3UOCrMQbAN7snwhKDYC/JwozapoG1jfglNPO6dx2mvhVmgkgEgIMnSueORaJ/Dva1ry3DuCkzTl2RkXS1NLpZHtEZcSwG9t4RIKow6Zzj8cWtTSaEE1Xu+yvafp2cNAzytWDSNY358oGKul0PpjIOeQtCPSEAXx90ZkQoUcfZGa1pAAdZBpLVTkSFunbA6Mxky2C1zT+xCI8RNawsl3Ettw2kFp8If8A8Q5yMhBkldM4uJsnJxSVODA1+I2FMODRdgA8KsC4iqwfKM0bg0Xx2SMQyChf6JjIdtjIUdoDskClB2pjhHve1oHyj8AzZHGrFKbXEgjBWbJ1zp8IJfqI7+Daqv8Aq/p0Vhri4V/K3uj9LW4C6qtIE9wuak+tdNkNgldn7KP/ANbsLRt0cl9wSEYNjpXODeePlM1rcupcyfrRtD/o5B9yEVn1i3YXnSS7Rix2tMbHSiq5z8pEX9yudb9YaNxt7Zmn/wC1W4/qXQOAD5tjqunCksp7K1rI7UmyOFUh6rpNQajlYT4tWGyNc22uBCYTJDm0Ugxpa7JBvCjZF2UxdRspg5cQwAtApDdxkDKkXtcPPhRcbBvt8oJVkiY/+UHCqTdPsWB+q0nMsAXX5JvTAySmbm5unEkgDPCy5tMY3bgAcLsZNMw27uflU59AC0gNAvKPZOOOkY4myEF3OLW9q9CWkrM1GlMeTynmkqCUtpEw9uDlDc0gC0wJYcdkYBMtq7witk2mweVEPa4URlMW7PNJBbjm3mif0Rt+3PFqgx5Bq6ViKbeadiu6AtMf6h93HlOAAc90IAE/dEa68FMk2j1CUlEnGElJsoSM07Aat3yqc07p3WcKLnmUkk3+aW11AbfyQkm+5tOvCPDp95bjClBp3E3WD5W1o9AXhvt7KgFpdCCBTfzWxptC1lOIpFg0zY20cnwrAbVdkqqRKJgYBgUrAc3bisIQIo0E9+AkcG3gjlJjqJIKEBXfKJFGZZGxhzWFx2240EpDScSf7JBoAz9lQ6r1aHpUr4JSPWaSCxuVzes6/rdS8hkhib4HKJCtjrNT1LTaMH1JGghZGq+romuIgjLz2JwCuYkLpDb3Oe7nOVNkW6rTxPs0NT9SdQnNB7Y2/wCkZVCWabUEmWWR9m8lEZC2OQteMI07ImOAY17QBZv5TwrVMQEkANrxlTEBBy5oKKRZBHZO1gJqrRAEYg08ghSbGCeThHEO07HfiNZtIRcEVm1WBH0vUcAwuc6qH2TNjLmk7iB48qQj2usuFV2U2bW2C0GgQLBSwaE1ntqwfuizTu1RadRUhY0MBqsDhMI3NJIIGOxUXMce12iQI+lHdtth+CrcGp1mn2mDVuLf8rs0qwZYG12byP8AupNBO4kDAx8ow9bMX1JqoTt1Gn9QD+Zq0dN17Sas0HljvDly/r1wK+5wiFolBdJFZHLm9kXk/Z2QlY4AtNgpbwQcrjoZdRpX7tNMTX8juFp6b6gYC1urb6TjixkJYfs6EOsUkdtXaqxzMeA5jg4EXyp7xg9kYNSkAI9p55UHMugOVMPaHgE4OLI4SLSBuBu8qvXRqnNpw5t9/lZeq6eXE0MLe/mFgIb4Qbx7Spnwq4zUaUhxFcd1TfHtNHuuu1Gja4OofssbWaOiSAFf6VY+AcdkRhDhtN5Tyw7DXkoTgWuBF2pEGki2UQQmY6jd5UWSdiDSm+M1YFhILEc3HlGDhnNKg15B8KzC/wA5TC00tcOMlJMxwdW3GUkBgNbuAF5VzTaYvIJAKbS6UyZI5W3pdI0BpuvghEiUdDoQXWQMcrXiia1w2/h+EOODabHHwrQIaAB/6SVE2tAu0rDc9/hDJJyCpAEfJ7JGJutt3Z+U4kAGR25tV3ybckgAeVkdR64GkxwG3dyOAlh/kaup6nFpAS94usALndd1fUa0kM/wo74HKpPe+Z+55LyVY/hmtjZIXg7rtnduVUib1quIS93taXfJV/TdE1M8XqRwPk8hrThQjkeywwAWK4ViN2qggLW6qaON5vYHkWqkTqj6exzhVOyK8JBjiLAI+UcMF7iSScklO5zmt2AnaUFqFW+yL7nPIU/VprCwH1ATbnHdub2FJdgDwDQ+E23x+iWmk6UPLPYxoaKIaKBQ+B/ZFbFuPFqfoijjKWioumMrRvBL20A8nJAFAH8q/ROyOJ8UjpJCHtI2tr8X5qQhJFAIrdHIP5SnoVg2hlSG1xui0Yxd/dXIunyOIIz8UiHpUjjkUl7Hig9gBtvB4PlKSMQ0y7cfxUeD4V//AJLKeLITDo0+4GsX4R7QYzyRtHe0g1rTTm/orr+kzNNtH5Ib9DM3O37lP2gV5gyR28MDL7WShtBDxnCM6Etb7mkFOWNEhF2z/NXKqUg5WNjle1jt4BoPb/N8pbi4U5gcD+qRYA7BsJ9pstDg7NY4RgRidJpJA/TOLfLOy2dH1qOchko9N/g8LIG0uO9xafNJ36d4/G0EdiCkbqGuDgNpsIomOGu7fsuX0nU5tCQx9viPYnIXQ6XURaiP1GkOBGKPCqU1pobIaJoji0xY/A5Q2VZJ7qwDu7duU7B+K8kJY33D9FnajRNf7xRtbTw54DTz8ob9MXcN4SwOV1eiDmuIaAQVjTwGJxBXaarSmtxaRXwsTXaAyW4digmA5oq7RI5AMFPNCWkgoO3JAzXlZ2GO9hI3DulG+hSjDOR7XJ3trj7oC3DJiuTaSrxv2nnKSY1qaLTNFEjBWmyICrpKCIMGCikHnx+6KRhQxf5JBxOQOPlM5vNZwp1VDH3SCQe3jhQn1LYY9z3AAcqtqtVFponFz1z2r1ztY4Dcdo7eUlLHUeqv1J2RmmefKqRQbznA8padga7c/IHZWDM6Q5AAHYJptMxobhos+bVmLTja4uaTjChFLA1zxLCXGqFGqPlF0s43NDml7R2BWnGf7Rah7WnGD2Tkl5snsncWiTdZGcWpPLppC59Z8CgjrBAwC3O78lItdJ7gO/YKbIrzXwLVvTRPd7Wsv+ijFKfoucOOEo9OXEDab7BdNoOksfTn2PsteDosMP8AiCnE593KMDj4NBJIfbE812AWlp/p6abJYWDB92F1kWnjx7Wt/ZW44WNHuYK8hK3FSOb0/wBKh+d7ceAtKD6YjbRc8n8lsRtAI24VzTvcRtIa4D9Vn10v1ZUH0xpyNx78VlWovpiB1U6v9JC042DsCPKuwtJNub+iz9l+sYo+lIiLBA+6TvpJxBdHtcPIK6iKLAII+yMyBjiC4Z+/H28KL0eOJd9LPBv0rPY0qs/0wMj06v8AML0j0XEH0y1x/wAr+D+aXosLmMl08jS7+doto/NT72H6x5NqfpYf/t2PI5Cy5vpp0clt2NPl2B+69uk6DBKCQAR2pZ+r+mGSggsBB/zBVPP/AGm+N4ZrOhy6eVxDQa/RZ02nkD3FzAw/6eF7N1D6Q2g7Ix+f9lzHUfphzSQI6K6OPLKyvGPOxHbhuzniwFI7g7ZQu/ut7V9BMTqcHZ+FlS6MscbY1x7XdhbSypxTdC7cSAbB4UdPPNpJd0eKwQe6uxQsnf6QbIPJxj81DV6UsIYRTx/NSMNsdP18Wtb+La8ctK04hXYriWPl00u5pLXBdR0jqsesjaw+2UCj8lOUq1WNHci0cRh0eSGkeRygwnG15+eEcOaBYJr5VSEqanbtoR32Kz9Too3sLo8mr+y1dSywXAqmabhtn4Rg1yfUdAaJDaI7hYkjS119123UI2Ena4nza5vXaPZb2ZCnAyT5tEicX4u6UXijdZTiYN2hrawoxSb2ujIA4SUrEzbHKSWh1IDRgIzbLME0qTZUaORoblwo9ladHGBX5oOq1TImOc48JpdVFCyybr9lz/UNadS+gCGjgKacA1mpdqZSc12BSjhAaHHlOyACH1SRd1SXJPjhIk9pNcJ2gNN3lRDj24TjLuKCCImzya8eUaAmO2gX4PhO3Tiib+ykwbXAWmEhE5z7IVuDRSzOGwF1ZIV/p3TX6oj1GFrf83ldLpOmshZgXX7pyf2GNo+jscQH8nkLd03R4ISCQNvgIzXBrQxsTSfsisog0wt/NF6/pU50v4SPaBE3ZnsnOlcKyph7mYF/mpidr8O/VRaucmfpJIw0yN2g8K1p5HsDQKd8KbS6RgDiXAeUWONp4aQR8LO9KkGjMbyCYwHdyrMelDrLS0fmoRRAEXyrkMe13sDSbyXD+iytUeOIgUaB+VZiFUCz5tC9FzjmR1ciwD/sr2nicaG5r68YpZ3pSUTGms1StxQHkEKDdOQaIyfKuRRhpqyPsp00o4wK4R2x+B+iZjLriv8AUFYZGTQA+5u1GmG2JrTYtv2RRFY8qfpuaaLcqYYBm6HcnCP05QJdE2RptqzNb0KKcEhovz3W61tgFrrHKk+MObwbHZEtn4L9ea9U+lhtcQywCRjsuO6n9OlluDV7lJpI5gXPZRdh3jHlYfU/p5krHO239l0ePy/crLrj+ngus6W9pO0ljhwVX1upkn2snia2RjatvJHn9V6V1n6bcz+Ui/jlcnq+nGJ7mvjY6xXuHH2K7ee9Y2Y5OeBhYQQN/Yqix0mmk3scQ8cFdXrelaXSudC6X1JNgcHWNv2sd1gz6LfeKPwrzC/XQdG6ozWwhjjUo5taPuuq/MLg4ZpdJMJGEtc1dj0rqMeviDmu9w5Cvn+k340NhdzR8qrPpZLc5gsDJIV7Th+oeI2Cz4WxP0N2mhDZI3bzja1pIHyTwr9dKOK1EPqtz3WbqdEPSLSCu56h9OzOhD2MYGn+Zp/8H6LlOpaZ2lkcyzY8qOuLPpyuO1kBhf8ACpE2eFua+IytzyFjPYG2COFlYs0Mm113hJCPgYSUWBviYjlOZ3HmyEDf8qE02wFpyU9ThtZqckAkBU2AF24k0mG6U0juAxVFTTEj1U8Ub2RO2seKIA5CHwOFJo7DlWtHJponubqoXSgimgGs/wDlJwlP02iPcHC7qkfTxhxzwoOgexw3sLbFi0WBh3ADKZDCNpw1xPhbXS+hnUOa6RpI54qle6B9Omep5GfYFdbFoWQsDGDI7pWyKnOsvS9OGmjsDcBjKtRAMBDgQCr17D6R47pNhY/IoFL2VgLII3t9rhZUjpXMyB+iTodvAIpHia4Di1OqAEb2uqrAz8qbWNcQXRkHyVbYwuObtHYMAUHD5UWmbTwtY22uu+18KwyBrmkue4OHZoUKjLvw7T5aefyRmMdtG2UO8h2Cot0Q0ccrRhzXH5wrcchaPew18IA3N/FGc9+UWJwaaa5wriisqvV2F8ThtbQ+T/e1Zi07XC/YT2+VUj3PO1zWnjsjwOid7m7mjyFFEXYY5NpAdK0DsTYP6q3CeG22h/mFWqkFZqctLsm8q5Hv4D4Hi+5pTTlWISHEBj2H7OyFaa19ZFivuq7YnH/9Aj5BViNrRRAkjPypVC08EOnjbFBEGAG8t3ffPKLHE5zdzix27uG1Q8clTib7gXPDgD4RGf4bQxrbrsO6cpIhoGMfakmHfYFHaaOESrFgG/6KTgGirA71aqQBbcGzXfKgWCrAx5BsIxAkBFgg8qO2hVUFfqNZHUOkx6mB1Ri+aA/ouG699Om3OazGcheonTOaGluCTglUuo9JbJGHiMAOwVv49Z9SPB9f0n8TXNp1YNLndVo5mOLCN/wOV69176fLSZWNsc0FxPWenhrtwaWEisLqnWxlZjhZdHEHPa95Y8CxeQUPpGv/AIDWBzifSJpwHjytXV6OnODxRHBWHq9O7TvvNKuOvosesdBcdG+LXNYZtIT+LirXX67qOnZ6bWRyP08nvMcTaMh7EnwvJfoj6iOz/k87pnteajDTil2c2uk0r/TDnk0B7+V18ZZqMx1XUOox9T0ga5zTtbTI2igxeW/VWgMWo3WM9h2XTw9d9NwY5gaCM2e6536jnGpkcWuY75ARb/jicy64rUsu6ysjVRDgBbesjokfqszUMsLlrRmuhqiRYSTy4sdklGBcc7Y26yqz/wDEd9kWV4cSLPKvdP6IdXpZNSdTHGGNLqcaulIUDB6LRx7s3fClHg0VY07YiT6ziaBqlGeIbgWXR/lB4RhBxODTZz9k5d7rz9kd+glihEkrNgPBPdCEZeQG3Z4QFpsjtVtaWAlooFdT9L/S7tTI2edhLORab6P+lZNdKJJWf4bcr02LSR6WIMa0Nr8ln35M/Fc86zI9A3TsDWYxwhO3MdkGlfmis2OfuguIJ2ODT+Syl1rim7aT2NqTYWlt3R8Kx/y90h/w4CfAKkejakZc0R/C1nHfX5E2xRbDKD7S6grLNzfxsFfGFZZoTC+3TNoeBaUuqgbeXfoi89c/p6g2VpIaW48FGaxsmK2/F4VZ+qgd7R7vlMJnNxE4AHyVjeoM1cZp9zw0Bt/6sI0zY4QA6QAngA2D91m/xc7Xn/DO0fzbhZS/jmxCnHaBwO2VN6gkrRZIXP8AY8fYUP2ViOJ7xueNo8vaW/vwshmqZK+vTA+QUnvqyHvZ2AKlX46CNrm5DsfqjsdQsUa529lhaQPdW5zb87iD/dWTFO4223hvbDq/3U0NyKUOcG7mg+HBWWtyQ2Nm092OWGHyM00lsJG02Bi/ijajHK97hQLOOW7T+ynNGupgFDHrNo5P4rVsajZw+U/LmEfucLnopXQxh7S629/j7q3B1RzJLO13yTmvzROT1u+rvbReZGnvj/sptO42He3u0tsf1P8AVUtPr2SAl0LgPLHf2ytCKbRScxgO55z+4Wk8e/lL2RY/1STs2AGqI/7ozS03wfJOFP09M8jbqS1o7HP9E50pvcyRjgDeCQf6rSeLoveB7hw2r+E4dYo2O1phuDq3n7GkSJrnvbbQSTx5S9bD2NTT6Vr9K5zQCHAAuPI8Kh6hiL4ZW2atriFrSQarTQNe6F8LDQBcMFZGudvOLxj7FdffySol2sTq+jBDiKDTwPC4PrvSLLntY0tq8ZXornBztrhg4IIWDrtL/iSQloHj7KZ190WPIOrdLc1zmnFcLmuo6MGJwdY/Jepdf6cHxAhtkdyMrjNVpBuuvuFVn+4UcLE+fp2tZLG4sdGdzD8ruouvHqenZqPU94FOHC5frGkBFxg205BHCr9H1I08xaTh2PzXR4usZ9R2Y1zZWEmr+Ssye7cQee1pRua51kivhDlfmu3kLb4ln6lprIws6dnYBa0oH6KhOw58LHuKlYuoiABwflJWZ24rOUlnhqBaXPwcFWXtdGwNs13ChG0PNnBHwiBjnErMia6uFJm7cCASQVHaWmkWNxYRmkAfUa6fVNYyZxLWfhbXC2vpj6el6lPGdh234Wf0vpz9fqWsbZHdez/RfRWdMiEjmNc5raGOPkrPvuT9oktaHSOgjQ6QRMioAc8Ik+maz/5ZQPtyret1czmkbq+BwFianc/JznuVy/8ALxu5ro9bBJpdHHZAc8jyq/8AzJjTTIYx8kKu9nk4Q3M3OvFd/haf9rqf+fhXmX9Tk108hw7aDxWFB8upePdK8+ASo+kQ7jHkJtxs2MLPrz99ftHrIG8uaacDd8qJIOP2Ri6M0C8bjw0qD4ewLm3nCi20SwFsLS6gaKI2PYCSSPnslOWaOMOe4+o7hlXaHFLJqbtrwyuOwVznJtG/0iNSXv2RuD8+aVn0Nw/xCGfuofw0BO4tcD91NrhYEThIfBKNCUWmjZlsrCb4BR/4pzXAPawN7YtC2bj/ANTpmlv/APH+JHiigY0NhidRPMhoj8lHRXo7dTEDlrAT3H91L1nOFxx72/5gbCTYWg3vaAOS8UK/orWk6ZJOQYGxTdgGuB/os7cTev8AaDZZQMsc0f8A3FEZq2xlvqve1z/wtLbv9FYm6frdIBu05a0jBvlBAPqH1Ib8ew2PvdI4ss1XF37Ftmoa5tWaruK/3V3RyMoNduD25BHNFUI9FK9ttZ27gf3Sfp9RpntkcAG8HHC15OtZ2qmjO5o3s83St6Wck8lpJ82svSu2uB2tJ75wtFkjaLWbY3eBm1Xwa0oiZcOfvPyFYifJEbbX3aeFiRzyudRcRWPFLRhyAX5I7tHKot1rM1DZW7JG7j5PK0eixRs6np2zbTGX8lYcTiSNuDyATRKuwajY5oc19hwIJK6vH3Ov/SLzn49PngZqYHwvFseKK8563089O1skBO4A2D5B4XYaXrIi0jTsc+h3euP6trXa3WySykW79h4VX5zZfxPMu6x5vxBw+yztWxzmkCt92fhaszSfwDCoalhPvGTwWjuuaVtXL9T0tsDT7g4fuuJ6nozG920fIXonUIbFNwAOdy5Xq2nD2Y5GF0c9fMZ1w2s07NRGY/aZWEggCv8AzlcVqYDp9S9oOA6gvQ9Vpqn9QA7h/wCBcz9Q9Mjc9s7LjcRZBHKfHWXD6mzQNDqv8PYav4Vh5vOVhQPdFIBZC0mTkinf+10zplgjpLHNjwq8jiRnhEcayOD5QnuvCXV0KcoB7JKUoH8vICSzxTMjY4sHZGYHDnCE1/HhHjHuBdZU4mk1tGyM+VY07BI8NJIJUC2z7Qapbv0z0h2u6gy2nazJwo6uTTn11/0R9P8Ap1I4V3sil6ZFG3TQBjTZIxjCo/T3TRGyhH7A3JPlamowNoHC8zzd+1dHHP8AtmaiyXDddG8YCz5mE9ytCegCOAqcovGFMVVJ7Wk1yR+yi2Oz/dWHAn8ND3ZJHb4SbGCMWqTqDar+6TtrGDawFxxZxSmY3fb7qAG72nNd0qy61UdpDfIPyAhT7dF+KRvqOzR/qr5iexhc0G6wP91ly6CR8jnSAWfBynLIUtQLhK/1JQ918kZRWubGwBrnNvuMGkSNp0zQAAXHueyizSnUOBq67qp0vTBr5nXtIHKLHpnOAFNLj/opTd6kYLAaAypNka1tSOeAcWFXtpnbG+M+wGh4Rd7XAeoDXahSlCwSEejJuPYd0du4gBzOVFqLQoyZa2PdTewd/dHD52e72B3IFf8AsFEi08L6JjJcSAKKlJE1hDR7a8lZWzr4zuX4hJrde55PqtaDXEhb+lUl/Fas0CdQBX8pDv8A+xKINO6QgbCB5HCmzRua7BafuVpznMyNuOZzMiDJg7D9TPuPZzm/0pWWNYciVx+faP6AJDSuvLWv70QkzTRzOPqaKOIjAINhwVeyx9OwSNDtx3dwX3SsQknDNzh5uwqzdNpYHe5j2bs21tgIhG//AOMytbwCRhVOoMaUMjXAtdsa4dyxFbqXRimuzfFHKpRA1dZ70CrULWE7nSEub5CrmlVuF4ky9oN8q9GaZtY0AA9hhZ0TtpNVk80rmmne3JcDnjsr5uUnS9Ld/EaWi7a5p88qv1LSDbbGDcp9D1HufdAE9wj60OJL8ZzS6P2fSjnHuIFHuqM/tBGfC0dS0NefNqjM3PweVz79WxtdGGMcwAAHLSVzmsj37/nldVrBtouF1xhc3rKY528i3HAW/NRXJ6+Ha84wue65oBqtI+gQ+PILf9113UI7e7Cx5oA62ngqupn0S/MeZkFryHPogq3E4jg3aF1uB2n1srCMh3ZDglNC8Ut59ZrrnAcHhD3jdz+6gJbwmcLytMLCmIwRgJKD7q0lFDNbjHZWWy22qCG0N9Q7fw+U9bHUDajSwWIvL6H6L1j6F6S5sUcj8vd+L7rzXoOldruowx1YuyR8L3j6c0AiiaI2tuxQrHyuT+R1kXxNrotJF/D6eg3B5PZVtSck/mMrQlaWR7XAAVwBhZs1XQAH2XnOj8UpQcnCqvB8Ej4VudxJDWBo7uJ/2CCWmvdauQlUsJzWAps2My4WewRCAHENGEi0beCFSaDIx0jXOe4EMH5Ko+qJbmheFcezADsjshylrRVAX3KjbGdjIfqp3vIa4tA7tViH1JLc43Xcq0II3PBIaSeU2sfLloeA2/whRv1P+1GUGd3ptYdvO4IzGemyrP6okMYY3IyVL0wRdfstJYuB7gw0bz2U2NDzRbgqTYr8o+n0T5XBrdvPJ7Kt+HbgbdMwDe6MkcK+IdF6YDZ3wSVzdtP6oL4HwvAkDsYFGwUeKm4I3j/KcLLrepsrLqW/ZUoY9ZGLZ6D282WZr8lEwz6h1SQtcDZw4H+oVj0WvIbRa1EdACNgkJBHlL5CmT7/ALVmaFzGndp5Gjy1p/2JUBA2NzblnZz7S52f1AV5mnc1p2l5+LU2mdopntcr5rbi6pxOAJrVkZ4dJGf6lXY7OPWDz/pcw/0Shk1IBOoeya+A1lFG2tkHujaD/lMYoK7WkO0NYLc51g0fc3+6MHAc7yD22g/3QWOe0FoboI64vT3/AP6pFY1zXbzqYXYALY4dg/YpAnxh1CL04vyF/pSm+YQU0tjb/qbEc/qEUwxyspweL8EhAdoGA00TfkVpx1IM0VushmIj3Fh8kUCrEc0cYzqBIewaP7KpDBBGPdFuBPBFlWWzaeFvthDM9mgK71v4WNTRdTMLSGlufnP6K6equ1LNpsHt8rE02qEhtrSBfdWA8723ar3v4MGky73FVtVx3oZ5RJJHAj8QB5pC1Em6PGTSNLGZrW23Gf7rB6jGd4L9oHIxwugkZ6gz55WN1SOn0ABVgm1rxSrmeot3E4POFjStAN+eVv65oc2xXwsOYCyFv+xM/XDfWei2Ss1DG4cKJ+VzcT9p+R5XefVem9bpu5rQXMN2uBrPNlV47/iXX6ttJ28qYdTcKox5sfHKNuscrWVCTySLGR3SUbSTzQr6WF0poOASnYYJSwkOruCoxh0Tba77hSaz1DZdn5WVha7f/hz071dQ+cg9gP8Ade3dAgBhDiC2uxXmv0Dom6fp7DRc52QByV6z06MRQWf0Xmfyevrfxw+oyDjss+UVwBS0J7o1k+FnyAl1m68eFzRpVOVoqxg+UOTiqNnurDxjhD3eo+gAa5IWkIARkchM1jXH8WByVYc2xklR2gA4AaO/dMlR7CG2Tnt8LK1MUzsD8PgBb0zKYHkU2/1VKLqn8PK4yQtncSRG1uA3HJWfe/6Z9TIq6eJ8DLcc/KTQ6ebe8AE81gKxNP6zdxAs5wE+naQ0lwBvhRZ/tOH2scRsaQODfdM9rHyER2A3BvuVYDR2NIjY43OLADjuQlqfxSEL+wwjMadpaMAinfKsGMDgbgPHdO2J3NYVzrVy6FDp/TYA2R1drNqyxjjja13ZOxjeazwrWngBIPfsnesh35D6fTujy0UPlEJDSSYzXwFdZCWDymkaWggC/grnnXtWE3qqYk2/gOfBSbPKcmIDPZGYx5eS4WyuKr91MNfusRDb8FdXP46uJgbZHOyGgJ6fWJHm/Hb9lYbGHEjYceFIQ7R/8TkLCaZ2AC3f/iP7IcWlbHM6f8Lnckd1dEd5otFfzDhIBsp2texxPgolAUbZHEvcC7xZTzCXaNoH3Vv+FfG3Lvb+aBPE1u0HVNYb4D7P6JwKzWyOfjdgVYCIdM7aC5tm/ukIy2yZgRyMkpCV4djA+RlXKQ+maInbNtnm0Zu+SS62t82qcmq2ysJaRYA4+VZ00l4LhZ7UcICUkeD7znshSUGVz8qw/Irj5QpA2qsKpSVHsLgQME9lmdWgfG4NcaDmhwW9BBvJe4DY3Kxetz/xDmcDaCLXX4+f8NrO365XWgUeSBwsHVe0/C6HV4vuFz+soOK24pMrqrfV0EzQL9pK83fA+WV1D8PK9Omt0L2gXhec655g1Dw0ZBN33Rx/s+lMAsJvBRWOBvglBe8ucSQpNdS0ZjE0KxdJIe41V5SVymrMcbKsaRhm1UbP8zgEBjS4BafQtOXdUhDsi7pZdfIl7X9IQNi00THNoFoyvQtJH6em5ycrjPpWPdC0nvldu0BsDR8YXj+a7XTwqyNaSXEfZUpfxUG84HdX5AHWFVkZVkDPws4qqrgbyBwhFhNNI2gfyghWntPF1fcIbY2twB835Vwgnj02i22Sf0TshDnWfa1EDC5xJOPCm9jvTppbSZM/XtbMab+EChSzG6MiTcN3Nha0z44iSSqB1Ti520l/ZrQgYA9h/mxR7K1EwBgGUA73SkYLe5V6PaAAKtKwrCa28ij8IzG7WgNaLJyk1tnICM0tDqH6rHqMeoiIYrDYznvjupCEg5B55U2bQ6qGT2R9oZX60lPg5+AiAEigP0VuJo2hzd1fISjc2wRStMlCXVtHX0MSv4AFIcr5CaAVxz4mgb6aTwPKG2MyO9px91Xj5xXj4AhMxcRXPwjtdM62+k4134R2NdE2rzfKm147nK01sFHG/wDmZn7cozWBpBLRZCcvHFWFIPs5BoJ/ThgACS2JvxgIAgmlcXyu3dgC0ho/K1YdIzwUwmYKyR9kYAjpRz6UX/43/VIRPGWRs/JoCN6rDg3nsn9QAeB90AB0Raa2uHyXf9lDYS7PPmrRptRX/tDE1ZAtOEkdI01YDuOVNjBG42AChv1earChHM51kqoFl7dzwPCgYjI8MB+58BREj3VQslEkedI3y5wW/j427U2oa2VsEXpNI4zSwNfFWk3k0QVendJI4vIKzupvczS3nJXXNqGBqyKceVz2ssHGFt6p5p1jssLVm6V8BTJtpF8rzvrg/wCulH+q7C9BJrnhcL9RQXr5HNOCVXP6OmHw4Zz4+E4dispnAtfzaaz5CpAgkIdVJJgf2STI7CBQAsrZ+mGOPVIy7B+e6ymmNpBFn55XQ/TFzdQj9p9vx2Wff4I9v+mWVGw/ZdZJI1sYs0uV+mWghpJPAC6xzGBg9opeR5f10c/ijLqo2XV47FVzqXZJbfjHCuOa1zvw2AhybW+1sYLjxjhSahJqnWRsGe6A2WbePb7e5IWp/Dx7tzw0Hi6CifTa4hrfuQnoZ8j5w0iMZ8lJwno4K0Q4vcWtbgclQkeJLDbO3N0npOc1uj1Ep/mAQ9P0qZhuyL7roXs+Moe03kpe1PGWzRPaS7k8cqUWkl3kuJ+Ba0THd3XypMYQRgkJaSuNM/HlF/hn3tuz5Cs7WNbveaHH5osTSDwlan5VeLSOa+7ulOHRW9zvUyTkFW42bvKsfwzaDg0bhkFZ9JskV26MtAJPyixaZpANkD5RWhzQbuz5SEruBtd+yU+jD/wgcQSTi6wjCNrccH7qDH3+IFo+MhSINnF/ZOU58SbEHn+b7goo00bf5iSfIQIxKHl1uHauyN6kkQBLC7PACerh3QxRtstLiT2RGwM52/ukwF9Wyv8AZHbGw9yPzT+mA+FrYydmBk0eU0bWlm4RtbX+c4VksiAoGzwh0d20ta4DihScMMMc7H+GT/pwEnadw/DGx18klG2YI2pvSa0mg1p84TAL9OBVxhyk2KIt/BR+yd8QOdzh9nJg149okkIrySmQckDWgktF0osaGjgKbNu5120jumcGiyHFVAlp5GNcSQKAwq+q/wAdwLm3lOx1uoX8p5jtNAflS6/HtmIvxSkADaDVldabt0DXA2S+gFpzkXi7+yxOrOPptAzRXVxclRWDqze4GqPIXO60msDHwt/WYDjf/dc9rSHFPgKMmWlcV1vcdY8G6vwuzmkEbCf2XF9af6mpc/klVz+jphztp/8AuhlwugUacnfnCEeOFSYdrubKSYDPApJA1Yg2tIHcrrfp2Zsc7SKEjiKK4+J4a/JW30HVX1GIDgI7/Ez9e8/TDy6JpvJFrqw6htNlcZ9Nzf8ATxkECgCV1jHPkANO213NWvG8nP10c008ob7RQNd0L1vTPudTBySpGb0HU9jQK7KDov46mPLWsP8ALeSpxRpZmztHokON8qbdzGXLkgcDupN0407dsbQHdlCMuJ9MOLnclxCAgJHTMcAwx0ndGQwNGM/qphjoz73AN7DymfbgHkdsApBXe1wdmzaRjs0rDmnaSMLQ6EIhqiJYWybo3MbfG4igf3RzztwW59Y4j8IuW0ABZ89lsdV6bp+j6swNlbO4NDwG8tvsVmODnO3bavOFld9rzZ+MZ17X4gdubpzR+ykXtc9oBPu4wpNZ7cgIkMQ3EnLhgAhPFZhw9kZduBDW9/JVprSSOVMQBzWlzc8ohAa3x/sov1N+0NtA1/VIVJINgaAOcKZYB2P5KUcIbluPK09fjWciNABoED+6ZrnOefYDXhM5pINOrHPhEiAjjAGa5PlThYUTjdcKxybJAQQWOoBpF9wVJx9NzWAFwr80qPqRJxivBCcHzScyhh21dqRZubnvm1UUiNvLSEgPyTlgaDtBJ7WkIxVutXDLgqDmNecizaIGX2ofOFPYAOQgBBu0UhvIAxQR3NH+ZVpG80mQFizuFHsgl7t1NrbxQU3MJNknHhMAbVwGLz9spTlxAN8qD2kG8nunfOw1ZAwunws+lKbc282Plc51OUul2l1bew7rY1+sb+GL3k9x2XO62N7X295Lsk2ulLN1rqu8hc/qiAaWxrn5IsrC1J95ytOPwKeoe1rSSLHcLn3/AMPJI4PDQR5W/rGAQudYOFyOseDK8jFJ8ZosZfUoWxzkMNi1TRdXIXyEk/mgtNYtXf1ESFeaSTHx+6SkJt0sro3Shrto7rR6DL6etYeE2o1Yj03psv3YVbpkgj1LKObT6J7x9K6syUKGxoAH3Xcslc9jaNCuSaXmX0frB6bB3XfsLJI27z+VrzPLz9bc1ffGydwdYfiq7IU+kkLt7HbfAGKKYSNhiBstbxQHKNFMJYzsBB4yscV+mic6YOZduH83lSbA4jYHub5INFU4tPK2beZCBd0MK8DbbDqCmnEZBHGKzjv3Kg+Ev/xBYI8qQYXHcBhThGyQbzY8JGEN15ADR2rlP/EyhwbAS0/5h2+yK6SJznNY0gXi1ONg8AIKzUGtcZHPf7nOcdxcbJRdrHcgWoBwlBLCQN3KmG/ml+3S9Ts04dw7PZG/hzG5rm0c/qoMY5rsfqrNgNy7NcKOk0nvlaGmOq5+FFnuAc/BceEzJLG0WAT3RA0FxJsdgnIfMSbzx9yVNjw9tjISAv4CIxrQKA4VtEAzcPCdrS0UcgcIrf0Sq3cJYSDAR+EZRgz27nkX5TM5+ETfG94ZuFjslYEDG1pG4Z7Gk4Aee4AR8cHNJmgk0QAEsAQja3jJUj9sopbQKjtPH7qoYLiazarPlfdBjvvau7AomMd6pOBXEhIstIUHSA3go5IdaDM+OIDdiyglWQiwaOPCr6zUSQw3E7a/w5XJpomgcm+FXki9TLx+qvmFVRurlmYCBR7lCmJczdvRpgOBgBVXuppG00O66vGiqEhFmgsbXzNsnnK1dVKGMzWOVz2rkJc4mgFvPqWX1KXsO6w5nOs3/VauqkbuJJorG17/AEm7rv7LaT4TP12sLWPbwCuT1hBc9xJ+62upzFzDSwNUTtyr4g6Z8zgXE38IbfzKTz7iUhx90qSZI8UkkAL+CkjQtaqIwv2EmxwhQeyQEYNqzqi58ri5Qbpy7IHCeJej/R2toNs+F6j06USRt7+F4x9LGRrmkEjaRyvUul6mohbroLj83H1pK6bdY934TwFNjnAHGB2CowaozAWDQ4tXI3/6ja5byqXDvlkJAIDW/uUf1omtbG97WE9icoL6IJKqR6GCWbe+Q3ybUYrWnbWgD1BnGDlNsIPucfzCDFqtI2b04g4uBr4VjY4i7yVFitRY0XYFD9Eai0VwKQpHmNoNWSn08ztQLJ2jgA8n5SwCsZsG0BFYP1URZrOPKkQWOr/2gCbjG0ucbaLJHgIHTt0wfNLu3ymw3wOyK/3t9M2WnspUWENa0CsYU4WCGMAgULCmxw4vPhM0VglTAAo/qqkUk0u588IgLuLUWuBrgocsz2HZC23nzwEhqcmoDJGxA7pHZIHZHIJOSqujgdCS553yO5ceVbGSPIQDj2izmlKFjbLwKJ8pDnKd8hY22gFBCbtvP7pw4nNKLXYBf7T4Uie6AVnmlGyQM/oldcnKYGgiAvmwFGR1cDkKL5DYFWAnNFOBEkc90KQNcAHAfmpnmkKRw5rKoUKQNwaGECZ1AgAqcj8qnLKdxFCvK05ibQZnm1RnlILmjIJ/RH1cr2gVRHyFnSyHcTdCsro8cRVHqUzWtr9lz/UJbb+Kq7LS6jO1zzucDS5/Wy2CL5XRzPpM7Vybn8rP1DTKwtJulYnfzVqrqZdjCVr0I53XgseQeyw9ZIW4NLa1kv8Ai7icLC6nKHvsGvhXPxNUKyT5ypX3u/uoHdz3UmG+5wooEDrOSkojHCSRO0b9OPn1BaRtrm1Lqun02g0rWtA9Q4pdf9S6Y9Jl9aMCn9h2XnnUpX6vWbnHA4pbSazl1s9L1jYGMeMfC7nofUfUaBu7rzON3pMaM0uo+n9ftLQXDwsPNy15emQaj2jK0IJS4XuoePK5rSaovY091qaeX3Ak3/Rcd5U3G09pF891FkTYzXlVYZXOIpxAVvcAATlZWKTh0QE3qjHfCtPeQ000ilnya+VlRxtzXKvRHez3A2e6z6ioUA3t2uOburTt09TbjgA4SaxsbyQfd90Vp9QZwVGKSDzYDDeVJhAdk5PdNTWigaCG6Jxe02a7ICyJL5wrDW0M8qn62yQDbZ75RzqXBuAC44RgGoA/ZQYXFz3Wc4CkwbRk8qPqtDixvI7JGK2mjCRDrJB4/dRbZyceUVmRjIKRAaeSeeQ7vZG391cjLnGhwogUKxSm12OKRfoFwM2nBBaSMlCcN7aCk0emKCAbURGYAEkfZFj9jQ2yVEOBJo3SW4f+FATNd8hDEluqqpIuKiSOUBI5yo7gTglRLs8qDnVm6VQE598Z+VXkfSeRwAweVWklx9lcibUZX91Vlfi+5TzTAVZyVma6V5cHMJJHIBwteYSGolI3FxJrgLM1WrDGGgQTiiiyTPIduwVk6qe3U68Lp4iKo62QgUTuKxdTNvuwr2t1BIdhY87s4OCunmEE4k3lUNZT/aDlWpXBguuFRDXveXcgJybTrC6nH6QJ/wBlzOof6kh+F0/1DqGhjgDwuUJBNrTr58RDXXGU5dQxaiRRUrs2eFkEw6zykhijZv8ARJGG+lfqHpbOq9IL2AF4avGtbpHwal4LTYP6L3PoM7dZp2teQQ5oXD/XX06dLqnaiNh2OXX6Sdz+q5uOv/l5yJSXbVq9OnMMjbOFR1OkLH7w329yEfTD2jKXl8Vl9a2legdJ1+5gFldBpdRuF2vPuk61zCAXWup0msIGCuHvhcrqtPqPNBXmzAVa5zS6qxytOB4kouP5WuXrlUbLS0jcGgV3TM1zn3HG0kVz4VaOXGVZhc0A7QACsuuVQtAJfUJflpHJWkym+L7BVI3gChyp6YODi9/f9lnYqLhaHHv8ppNS2N7WlpJOMKJmGE+6GP8Ax5DQA7qT0Y9qaLPlNe0NxlOx7ZAHNSc0uukjTa51XYI/Wk8ceS67JVZrdocd5PxaW6Z7mtBLWjJtAXXyNDmxWbKNHxgY7Ki4b5rvCM3UbXbM2jAsvcRGNqm2QkeVRidI+V1vto4VxpoVykBQ+we/lO05v9kEO2j7qQspBJoANp7xnsoONKBna07ScpwJteQeaCkXBBLrdX7qD5gH7bymNFc6uEJ77ByoOksg2gvlFlXJqbSkcGjnKqyy83SaaYDvwqU09cFac8p080gOf0WXPMWSOBN3wPCnqNRWbWRq9QWyggGiM/C355Tqep1AF2aCxdbqTwHAtGSiarV2CL/JZeo1AIOV08cFqvqJQ8k3wqLnbuFOV+SBfKHhosLb1VIryb3u23k/si6mNum0p4OESDT7iZe3YLK+o9eINO8XwtPHxn1PV1x/XdUZNQQPzysci2njKnPKZZnOJsFDu7WfV2ke6NHnhPuFdwmAaaJr5+EYsbQ20oAN1gd0k2QcJJWm92/4f/UDdXpY/cQ7GD/Rd71Tp8fWOmuDhbtuF87fRXXz0zqIje8iN7v0K+hfpvqLNREx92HBdvFncyuTyc5faPK+pdGGhllge01Zpc+/TyaaWiDtP4Txa9t+svpdurh/i4R7h28rzrVdPbPGYHNAIznsV3c+P/scX/8AUE7xhaZ/pOBAJtbuk1Y2j3Wa8rDk08mmkLHgghH00xYazXwvN74y5XRLrrNNqjY2nI8rX02voC+R8LkNNqRYyAFr6XWRgAE7lx9+PFSurg1zXj3EAeSrrNSDRbhc1p9S0gUtKDUgNHApc/XCpW1HM5zq4H9VdbN7efhYsLrJJNq9HPgLLrnFa0GOaa3KUsbZi0E2B2VKFxJ3E4Vj1Nv6rP1GrjHBoodk7XloJNDxfZBbMC1RL/U7qcVonqsjf6ZJs80rjc+KWawDeX3lWoz7clKwaO0tc6hmu6k+Og5wq1WPwTyiBx21ZKQ0TTDZjuVb3HlU2PIdjhEE2QEsGrFg0pF1DwqpeQ4nupbzyfCeD2FLiecUg7Bv3EglL1Ls1whl+ef0RJS0XdXJQHgb992mdLtQJJgGk3hXOS0V8oGECSb86QJNSHCwaAVeXUUDmgtJyWnm1AOGnKz5p7JAKhPOMkGqWfPqdxJ3ELfngtS1OpHF/ksvVam9wPlLU6oi7OBwsrU6kNbkknsujjgtQ1eobeAs2WRxJA5Tyy+o4jJTRxOa73dx+i6OOFSEyI8ECzlP/DOleGg4tNI8mUMbeStOKFungLn8laTn7hdXFHUH+HhIbVgfZea/U/UHajUOiacDnPK6r6o60NK1zGvyRgLz3UyCYl7jbrtPy2SZEQHunugcAqBND48JXRqx8LlNIuNjnPKkH0avIQw4iu/ZPuIaT4S/Ald85+ySlFtGD+aSeg8Ti1wN04L2L/hl9W+ts0sz/e0AZK8cLxzhW+k9Wm6VrY9REa2HIvlX4urLieudj7C0Gqj1emMUlOaRS4j6t+nHaKd2ogb7Sqv0R9XRdS0kT2vskd+bXoMTIurQbJKIIwSvS8XkvNnfLjsvPyvJJemx66Ihw9wGCub1mgm0TzYNdiF6h1n6df0vUOe0H0nfHCy9V0uHWwlpaMj9CvQ8v8bn+Vz78fKvjv1uVwcMjrz+YV7T6nYQpdQ6NNoHbg0lv24VFwO2+CvD8vi64vr1HVzd/HQaXWfNrV0+r3gEn8lx8OoLT+IkceFo6bWltC/vlcvXGm6+DWOLs4C0I9WDgFcrBreKNrQ0+rAWHXB66WHV5pWmybzhYEGsGKNq67WbW7W5J8LK8K1r/wAQGtI5KUMmDZwsxk+Mn7o41A/P4Wd5o1ote0lGa+lmx6ihj+iM2fGTdpeoq+14DiSbtE9QWeFnNlt13hE9cOqjlL1PV8SC7CkX0FR9auFL1vJpL1LVz1cDOUhLeL7Kl64B+PlQ/iLtHqFt+o2nCg6c0aVN2pskV+qrunIuyrnA1dfqCAc2VUfqy4Hdgf1VZ2qIGThVpdSLJBWk4LVqSdu3Bwq02oxk4VKXVDzSqT6yhnhac8Fomo1POSs+bU0SSUKfVgXdUsufVntldHHjLVnVasV2ys2Z7pjhJol1T8A5K0tPo2xfibmuV2eLwW/aqRTh0e1oL+fCjq3DAZW74V+UDLRyo6TpTi/1pB7QVt1nP+MFuB6LQjYJ5RRPCpdY6ozTRP3uDaWj1PXx6ZpyABzXZeWfVf1CNZM+CE20GiQs7/hPrOfay+t9TPUNS9xNtvlZe6zeaPCey/z+ajROCFyddbdqiNdkh4HKckXR/VJjhd9xwppoh1ZB/JFDN5xwVFzBk3SlG4/h/dSDEGPPhJTcLbk2SkmEB9kzz+yPCxv8w4UNTtacD7IiWv8ASn1LP0LWNpxMTiNzf919KfR/1FB1LSRSxSg23m18mNcQ4fK7H6E+tZugatjHucdO4ixf4V1eHyZcZ+TjY+tXRwdU05ilDSSMWuK6x0WfpM5cxhMR7jsr30x9TQdS07JYpA6/BXWEw6+DZIAbFZXpeDz3x9e3Lkss+V5uyGHXjY8A3jhYHVvpPZZgOc47Fd31T6Xm0cpn04JZdkBVY2CUgEU4fuvS6nh/l87f1px1Y8om0j9O8hzS0jlQbMWOu16T1L6eGqN7RR5XH9U+mdVpXu/wiWgmqXh/yv4d8PWT66ee9UotYbHuWhDrA7JOfgrCkikgdtIOOyUWpc26PC4euf7W6yDWbHZOPhGj6rK6Q01oHjkrmYte7ABz8q5F1J7RTS0XyaysrwHWM1TnAHjCNFrc0SLC5yLX1VOyjN1pLrvJWd8Z66VmrBPKMNUCa5XON11jj9EVmtDRkqPQOkGpNUSpN1Nd1gs1hJ/Fdo/8VbDlT6G2G6oOccn7p/4vPN/nwsNmrIBojhJmqLTd8o9Cbh1dgglDOrrO4DxSxjrbcbKHJrQO+BwnOA15NbeAq79aRjdyss60UTaA7W2OSFc8ZNOTVd92FVl1Yo+7JWdJrTmzSpT64WcjC0njDRm1uTlUJtWebtZ82vNmuPlVH6l0jucLXng8X5JnSYBsFG0vTXzHc6wPJ7pdKg925wBri1vxbA3NX8L0vB/H5zejnKtBpI9MyqAHdB1MpMjQ0Ej4V2V4kO1oVjR9MY0b5MnlV5fLOZ68n8n2qOl0Bf75LaB27onUNa2CItBAryjdQ1ccDHAECu68z+r/AKt9Jpghk3SHBzwsOf8AH/Lpjevas/6w+pC5ztPDISTgkLhy4kkuzflTlmfO/e8kuOSh97791y+TyXqqkxG+DVJ3Osc4SABzt5SN5pZnKYEdlNozY5+EMC+OUQWPup09Jzwbwog34Uj7sKIoIETaSDz9kk2wEfHKSomjpoY3m3OIvsg67TNa8Fppp/ZG3tADg6vKraqYvkqxQSJULDZHcKUZq6SDjZKiX0eAgOx+ivrjU/T2oa173HT3wT+FfRH0p9W6bq0EckUoJIBNZXyMHCx2xyuj+lPrHW/T2qa6N5MJI3NtdPi8ufKz78cr7L02sjlj2yUQexWd1P6fjk/xtLTXc0O64b6O/wCIOk61pmkTAPxYJyF28HVgQ0ggtPyuvjy3m7zXPl5+ViPc7TOMczC0/KqahrJmuaRYIXUa2LT9SjyGhy57VdNk0Ze4Hc37r1PF/K56/wDcOX+nH9X6NC/eWinUuM1cB08hBwL5XofUZwSQavhcf1yASkvauL+d4vHZ7cOjjphteQQb4RBqSDkoDjQx3ULPbhePuNrGrBqi8gAmzlHdqHwn3OsfCzNLIRfGFLVagu+aT+VONiHqFkAuwtOGZrm5cPC5COchw7/mr7dd7LJApT6wV0jdYxg54UJOpW7aHABc0epucSBknymdq3AWSj0DpRrxzvyOEx6gcUa/Nc03XnJT/wAebG0/e0v+MOiGvu8j9VF3UG4yud/jnHKidaT3T9IeN52vAxuQJOpW0gOusLGdqneShnUG77p5IMacmuc8UXEKtJqe157m1WjJkNVlNqA6MZFfCPaQ8EdNYIJwiaUgvyVTN7QeylA55fTc5Rz19N1Oknw1oHK2IY3yAYOVidK0pJD5CQOcroxrYYYgG0KHK6/+XqzIn3kG0+njiG55FhB13VWadp9zRXKyepdfi04c9z9rR5Xmf1R9byaouh0j3bON1qJZPtRd6bP1l9aRgO0+neXPODR4XnGonfPI6R7yXE3ZQnSEncSSTzabduFH91h337HJhZ+3dM7zgqO63X3Tk+/KzMmu4UiQBwLKiLNC8H4VmPTF0dk9koaubwAKTgXWSEjC4E+00Ei11tBGLTJID3XSZ2STjKIYm1VoZO3FWlAdjhVYtJJoLiATlJFptT6o0TNFqQ2LAIyFhlxpaPXNd/G6xxBtrcA3ys35RiYmDYpIWQDX3UQTZP5JxwM9kzL9FO/yzwoA9uUr+wwgY1eldW1XTZxLBM6MtzYK9V+lP+KjZNmn1km13F9ivGGuxk5U/Wc38OPstePJef1HXMr6u0P1HBqYhJDMHX8o8nXBtIcbC+Z+jfWWv6Q7Y17nsA/CSu00P/ESLVUHv2+F0c+b+mN8X9O+6qRqHl0Zr7Lk+pSSNDgcUof/AFKx43CX9CqOo6u2YnPP7o67t+KnwCMiT2En7p5dOWi25CTZIZDbSB+ad0hrDgVzdctZ0r2Y/umc8u72U0ry52VEuwSOylUoljGUxfQNlRjAk5NJOFOoG0Ho8W1otKR93lCjfuBzlDkf7kaeigklO5xb+aC2TwVGSYVVpbQOZMJ2u4VUSgkV+anJJQtuEto0Uuzg2oufRv5QWy5HcJ3vDW8pZT1b0erDJLP6FWNbqBMwEDKxf4lrMnCjJ1QbS2/stJyi1qteC33HCnFqI4TeLC51/VS2/darSdaaBTnKskK7XexdaDWXu4CodU+sYdLGf8Tc6uFwOo+oZyC1jj8FZck0kpLnkuKq+T4mctfq/wBS6rqjzukc1gP4R3WTuIFnKGDR4+6sRwhzbWN6tqwb3Ooj9FMtBF+UnM9M/wC6m1u6jdJUAhwvPPwr/Tuj6jqkm2Ft/KpyMIcTY57Lqvo/qDNM+iM90fR+MrqP01q+mU6RocAqcT6FL0nrBGt0pJbuBXmuuHoalzGEEfCr1wt2nlcCee6E6yL7Ie5xN39kZrnVVWpNKNjnjlIwm/w8KQcf1KsQRlxAB5+EGBpNOXy/h78pLe0miAq25STnKX//2Q==', NULL, FALSE, NULL, NULL),
  ('c4ab276d-f183-4eea-8805-7d028f0209cc', 'bdff609d-b327-4287-9be9-8489f1ebbdc0', 'คุณประภา รุ่งเรือง', '081-100-0002', 'prapa@email.com', NULL, 'F', NULL, NULL, 1250, 'GOLD', 'aab3b7d9-fc86-4772-9504-bd6aac8b77a6', '2026-06-06T23:28:23.103Z', '2026-06-08T23:34:15.947Z', NULL, NULL, NULL, 'data:image/jpeg;base64,/9j/4AAQSkZJRgABAQAAAQABAAD/4gHYSUNDX1BST0ZJTEUAAQEAAAHIAAAAAAQwAABtbnRyUkdCIFhZWiAH4AABAAEAAAAAAABhY3NwAAAAAAAAAAAAAAAAAAAAAAAAAAAAAAAAAAAAAQAA9tYAAQAAAADTLQAAAAAAAAAAAAAAAAAAAAAAAAAAAAAAAAAAAAAAAAAAAAAAAAAAAAAAAAAAAAAAAAAAAAlkZXNjAAAA8AAAACRyWFlaAAABFAAAABRnWFlaAAABKAAAABRiWFlaAAABPAAAABR3dHB0AAABUAAAABRyVFJDAAABZAAAAChnVFJDAAABZAAAAChiVFJDAAABZAAAAChjcHJ0AAABjAAAADxtbHVjAAAAAAAAAAEAAAAMZW5VUwAAAAgAAAAcAHMAUgBHAEJYWVogAAAAAAAAb6IAADj1AAADkFhZWiAAAAAAAABimQAAt4UAABjaWFlaIAAAAAAAACSgAAAPhAAAts9YWVogAAAAAAAA9tYAAQAAAADTLXBhcmEAAAAAAAQAAAACZmYAAPKnAAANWQAAE9AAAApbAAAAAAAAAABtbHVjAAAAAAAAAAEAAAAMZW5VUwAAACAAAAAcAEcAbwBvAGcAbABlACAASQBuAGMALgAgADIAMAAxADb/2wBDAAYEBAUEBAYFBQUGBgYHCQ4JCQgICRINDQoOFRIWFhUSFBQXGiEcFxgfGRQUHScdHyIjJSUlFhwpLCgkKyEkJST/2wBDAQYGBgkICREJCREkGBQYJCQkJCQkJCQkJCQkJCQkJCQkJCQkJCQkJCQkJCQkJCQkJCQkJCQkJCQkJCQkJCQkJCT/wAARCAFeAeADASIAAhEBAxEB/8QAHQAAAQUBAQEBAAAAAAAAAAAABQIDBAYHAQAICf/EAEQQAAEDAwIDBQUFBgQGAQUAAAEAAgMEBRESIQYxQQcTIlFhFDJxgZEjM0JSoQgVFmKxwUNygtEXJFOS4fDxJURjosL/xAAaAQACAwEBAAAAAAAAAAAAAAADBAABAgUG/8QAJhEAAgIBBAICAwEBAQAAAAAAAAECEQMEEiExE0EiURQyYQVCsf/aAAwDAQACEQMRAD8Asc/bFezlsLIGN+BKFVPaVxDUkk1Ybn8rUdl7F61o+xuMTv8AMwhDqjsmv8Puezyj0eR/Zc64jfIEk4yvsvvXCYfAqM+/3WX36+oP+sonP2f8Q0+dVve71YQVAl4cutP97b6lv+gq04kIj62rl9+pmd8XlNEudzJJ9Snn0k0XvxPZ8WkJOgqyDeldDU4GroaoWN6F7QndK7pUINaF0MTuhd0KUQa0LoYndK6GKiDQjXdCe0r2lQg1oXdCd0r2lQg1oXu7Tuld0qFjWhd0J3SvaVCDWheDE9pXdChBkMXdCe0r2lUQa0LmhP6VzSoQZ0LwYntK9pUINaF3SnNK9hQg1pXNKd0rmlQg3pXNKd0r2FCDWld0J+KB8zwyNjnuPIAZKttg7N7ndXNfUN9miPmPEVTdEKayFz3BrWlzjsAArPYuzu7XhzXPjNPCfxPG/wBFq3D/AGe2uzhrxCJJfzu3KtUVNHEAGNACJHFOX8MSyJFM4d7MrVaNMkkQnmH45N1coKSKBoaxgACeAXeSZhhjEBLI2cAAXVxzg0bofX3qkt8bnzzMYB1JW5TUezKi30ECQFErLnT0cZfLI1oHMkrOuIu1mCDVFbmmZ/LVyaFm954oul7eTVVLyw/gacNS8s7f6hY4vs1DiPtYoaEOiov+YlG3h90fNZffeNLxfHOE1S5kZ/w4zgIM4pshCpvlhVS6G3bpshPFqSQrogyWpJani1cLVCDJaklqI0dprbg8NpaaWUn8rVbLP2TXm4YdU6KWM+e7llzSJRQSxPUtsqq54ZS08szj0Y0lbhZ+x20Uml9UHVT/AOc7fRXS38PUFujDKemijaOjWgKJyfSKbS7MGs/ZLfrm5rpmMpIzzL9z9FfbL2KWml0vrnSVTxzDjhv0C01kLWjYBLDQFpYm/wBmZc/oD2zhi2WqMMpaSGID8rQEUZC1nIBO5CSXgIkYRj0Zcmwe1oXTGChdPxBQTgd3Vwu+DgpjK+J42kafmg2g1DxhaeiQ6ljdzaD8koVLD1CUJmnqpwTkiS2mllHjgjd8WhDqng2zVOe8t9Oc/wAgCPCQFd1BVtRLZTp+zOwzcqUsP8jiEOn7JbY7PdTTx/PK0PYrmkKbSWZZP2RAfc1zv9TUNn7KrnHnuqiF/wAQQtl0BJMQ9FKf2Tgwufs+v0GcUrZB/I4KBNwzd4PvLfOMeTcr6CMIPQJBpWHm0KfInB86voKmL7ynlb8WlN92RzBC+iX2yCT3omH4hRJuGrdP95Rwu+LArtkMB0L2lbbUcBWWfOaKNv8Al2/ohs/Zfan57vvY/g5Td/CjJdK9pWlT9lMe/c1kg/zAFD5+y6vZnuqmN3xaQpuROSiaV3SrTP2eXqHOmOKT/K5D5uFLzBnXQSn/AC4Ku0VyBw1dDVMktdbD95STt+LCmTE9nvMcPiFdIljQau6UsBKDVKJuGw1d0pwBJe9kfvPa3H5iApRNwgt2STgepUG48RW+2xl8tQzYchuqjce0qmh1d2Qfygdfiootl7i+DB3C8ceayGp7S6qWRznvDQB4WtGQPTy+uUKm4+uc78ipnAHQO0/0WvEzPkRuWx5brunPRYhTdod4pz4apwH82Xf1R63dp1Y4/bxx1I8mOLHfRX4mTyI1HSuYVTtvaLaqyRsUofTyHbEm36rWODeDoeJYGVbqthhdybG4Oz8xshyW3s0nZVoKaWpkEcMbpHHkGjKuFg7Mrjci2Ss/5eM/h/EtQsfB9ttEbRDAwEdcZJVgZE1gAaAFccUpd8GZZUis2HgW22Zg7uBpf1cdyVZY4GRDDWgBOYXUzDFGPQGU2zgC6kPlawZJAQa78V2+0xudPOxuOmdytSyKPZlRbDTnhvMoZcuIKK2xF887GAeZWaX7tTqKgujt0elvLW//AGVFr7lV3GUyVU75XHzOw+SDLLJ9BFBLs0HiHtYBLorYwv6d47YLPrpe6+7yF9XUPk/lzsPkoZCThC2+2bsbKSQntK5oV0SxgtSS1EqO0VtwcG01NLKT5N2VptXZZdKzDqp7Kdp6cysuSRfJQyxP0lqrK94bS00spP5WrZ7R2V2miLXzsNQ8dZNx9FbaOy0lG0NhgjYB0aMKfJ9IlpdmK2jsqu9fpdVFtMw9Obld7P2SWmjLX1DHVLx+fl9FoLYWtGwSw0BWsTf7Mp5PoHUVjo6JgZDBGwDkGtwp7YWt5AJeySXgdUWMIxMOTZ3SvbJiWsiiBL3gY8yq7eOPrPaQe+q49Q/C05P0VSyRRaiy0F4HVMTVsUIJe9ox5lZFee2Z7tTLdTE+T5Nv0VGu/Gl7vBInrXsYfwRnSFnfJ9Iukjcr12hWW0A97WRl4/C05P6LPr321zSao7bSkDo+Q4/RZe9xecuJJ8yU2Qq2N/sy91dBKOSRh8L3N+BU6nu9xgx3VZO34PKSLXOOiULdMOiZeL+Cyyr7CdPxnfafGmte4Do4AorTdpN5i+8EUnywq02gm/KpMVoqpPdjWPAn6L81ey30/alUjHe0bT/lciMHalTuIElLMD6bqoW/hG510zY44djzceQWk8OdndJb2tlqGiaXqXBDnjS4CwyN8pnqTjamqWh3c1LQepiKnR8WW4nDqljHeTzg/qjD7TBHHpZG0D4KlcXcPxTQvcGDUOuELa12F3cFpivlJL7lRG74OCkMr4ncng/NYA9ktLK5gc9pB6FOx3mupz9nWTtx/OUXxSB+ZfRv7alh6hLEzT1Cwun4wvMPu1r3ejgCidP2h3eLGvupPiMKvHIvyxNjEgK7qBWVwdp1S372kB/yuRCDtPpjjvaeVvw3U2S+i/JH7NFyF7AVMg7RbVJ70rmH+ZpRCDjK1Te7WRfN2FVP6L3R+yx6AVwxjyQyK/UcvuVEbvg4KSy4xO5Pb9VXBZIMLT0SHUzDzaFwVbDycEoVDT1ClIvkZfQRO5safkos1jopffp4z8WhEu+aVwyNVbUS2V6o4PtM+dVHF8hhC6rgGzaS4sdC0bkhxwrRcrrR2ujmq6yeOCnhaXySvOA0BfPXaP241lypns4epRDb8lprqsFok/yg9Pqq2/RG17C/H1VYOE6F8lNUS1E5OlsbXDY45n0WA3Hi6rbPJNI5kuok6HtzkfFDLpxddbs50VXWGSPOdLRhvxwgVTI7WRk4KYhjrsFKa9Bi4cTTVoAOrTg+EnOEIkqzJz6+YTPI7/UrhwfMoyikDcmxzUfI/LqvNezIBJaPguAOY3yB6Lx8RyQ3/ZaoySGNY7djif8A3yTjYXA5MTx5EDGFB91/THopcTy8gOOR5gbqECkErzGBLl4xgO8vij3DHGV74Oq2VFtrqqlYHBxYyRwY/wCIVUMxpTpzlruR/upkcpcANQcCNiOZ/sqcUy1I+vOzLt5i4mZFSVr4ZarRqdGPBJz3xnwvwPI59FslLWQ1lOyeF4dG8ZBX5z0kb4ntlpZnNkYc4BIcPh6rW+znt6vPCkopLnI+voX4y158bPUHr8ChVKHXJrhn1/JUMjGXOACr9641t1pYe8naXDk0HJKz6o4gvfF1E2ts1RG6ilGWmN3i+B8iq/Pw3etRfLTSSOPM5zlDeRy90Xtr0Hr52l11fqjom9yw/iPNU+oqZ6uQyTyvkcerjlSJLTXxe/STD/SUw6GRnvRvb8QrUUU5MZISCE8QUkML3Bo5la2lbhghSqKz19weG01LLJnqG7fVXnhLhakIbNURNled/FuAtIoKGCFgayJjQOgCE5W6QVR4tmU2vsuuNXh1XI2Bp6Dcq42jsztVDh0sZneOsm/6K6NjAHJOBuFPG32ybvogUtopaRobFCxgHQDCmNia3kEvIXC8BbUIoy22dwAvbBR5qyKIEueB8SgF145tNtBElSwuH4WnJU3L0SvssxeAmJayOIZc8D4lZfdu1iR2W0NMfRzz/ZUy6cWXm6E99WPa0/hYcBSpvordFGyXfjm02pp76qZqH4Qcn6Kj3jtgc7Uy30xPk9+36LOH6nklxJJ6kptwU8TfbJ5foKXbjG9XZx76sexh/BH4QgT3OecuJJPUlOOwm3EBaWNLozvGyEgrkkwCjuqfVXtJuHiEkhRzVeqSaoeauirNlNob+VIdaB+VWk0o8kkURkdpa3JK6rSOQrK5TWUPcPCrPaOFu8Ic9mlvwRq02BrMSSjJ8lYYoGxjAGEtPIuojePC3zIhUNqhpGAMYAp4YAOSWAvHZLbRsZlZkKr8SljIH5xyVjq6lsLCeqovENRLVyaScN8lvHp3OQLNqVjj/TPrjTB0j3gcyq/UsIeQFdrhThrDsqjVtxIfin3p01wc2OpafIiiiL3YRdlBqbnCiWqPVINlaKemyzkotOkR6pvoBm3eiSaADorE6lHkmnUozyV/jon5MgKy36uikNtOR7qNU1GCeSIsohjksvBFFrPJlTdbHx+6XD4JAdWQHwVEzfg4q2y0QxyQqqpA08llaeLLeokgfFeLtF7tbL8zlS4uK71F/jtf/mamxTei8aUeSj0cPotayS9hCHjm5s9+GN/wyFOi48fpJmptLWjJOrYIE2lHkst7ZOM3WdjbLRP0yyDVK5p3A8kHLpMcY20Hw6rJOW1Mb7bu2CTiCWKy2t+mjhJdMc5Ej+mfMBY1cLnUVjg6onkmkOwLj7o9B0UWSodK8knfcpgkvcTzSsYKPQ822JecEEf/ACklxx5hKy3JJ6dE24HAPmtFCveOCuObh22xSQ7GUoNLgB5qyHcnPp/VLaGgjA+O66yM488rrmAO0jPTdQgrug8eHKU2MZDRv/ZJ0EkDOcYwnmU5kaC0nUFKIP8AdOMRaASfyuH90uja7usFmd8EHmE1E6WMlrgT6eXyUiB7HNcWN0gjdpOysod1FhDmk6hu09R/un2yGYNeBqcObfzfD1TcLXvIa7xE+4/rnyTsceIy5u2c7D8LlKLRqfYv2gP4UvcVDXS5tVa4NJPJjjsHenqvqcU8cjQ5uC07gr4EZVOZEH4JaDuB0X112DcZ/wATcKMo6mXXWUAEbiTu9n4T/b5JfJj5tBYTrhl/NvY7m0JqSzwSe9E0/EIqAEoMBWFiNeQr0vDNDJ71LEf9KFVnCdvY7U2mY0jqArz3IIUSqpQ4HZaWJmHNAC1wtpAGt2AVnpJQWjdVe4PdR5cAotHxWY3aO5e4q1p5+kZepguJMv4eMJmasjhBLngD4qusu9bVt8DRGD9UzPQTVIzLI93zRlp5ewMtTFfqrJNz41oaEOAeZHDowZVQuvaXWyZZR0ugfmf/ALIrUWNmD4QhFVYmgnwoi0q9sXlq5/RVq+/3e4k9/Uy4P4W7BC3RPcckElXL9yD8q9+42/lRVp0ugX5LZSnQO/KU0+JzeYV4ksrWj3UKrraGg7K/AyLUlUecJh7lNroe6cUPchOFBlksQ5yYmdgJ4gpidp0rLibUwdUz46odLV4PNSaxp3QacO1HdCYeJKNZ6pJrPVQSHeaSdXms2ao+xY6d0jgAjVvt0cQDiMu81DpGDUEZg2CayzfQthxpckhjQNgnQmwV0vAQkMMXlNyO22XQcpL1pIw3wDqxmWlVS50xfLnKt1V7pVdrh9omsUqEssFJ8lYuNATGfF+iotwo5GzuA33Wk3Bv2ZVSqYmmUkjqjrM0Ly06ZGsltc5wJd+it1PbiIx4v0Qq0RgSbK0wNGhZeZs1HTxQONvPn+iadbjnn+iMloSCwKllZbwRIVNQEEbokyj8PNdhaFMa3ZZeRs1HEkQJKIEcyhtVbA48yrA4bKJMwKLI0SWJMAi1gdSvG2N8yi+jfkuime/k1aeZ/ZSwJ+gHNRsp4XynJDGl30Xxzxhe5L7xJXVrzkOkcG/AHZfY/HjTbOC7zWF+l0dJIQR0Okr4be7xuz13KXz5dySGtPh2NsS4nddY0gZ9FwHx79E8ABC53XAH90uNEU7LvNxJzySpG4IHkvNbkKEOiDVgDmlsiO7T0T1K3D26th5ohHA1zSeoAHxUIRael14A5kp5tAXE+YU2OnMRD2jJaf0U50AbH3jRkav0WqLoDNoC73gQ7nt5J5sDofvGa2Hk5vNF2sY9ge3G+6eggjkOQASTuFdGbBXdxvALtx0djf5r0dI3VqYQQTvkY+Ssn7oY5uprQP7phtJHBnI36/FV7NNUrBoohHHqZuBv67JL4wHl4Gzxh2Ouev1RKdmglucNJyPgVCLB9pE4bY5ehWqMWD2RCmqXQyNyx6vvZFxZNwhxXTHvi2nmd7PKeha4+E/VUysjc8REjcc/NPMHc6t8HII9FmqL7R9utulQAD4XAqVT3SVx3jHyKqfDNyNfw7balxy6SnjcfjpGUfo5M4TTxx+jnrNK6sPw1mobtIS5Xhzeqi05yFKPuoTikHU20V28M1jGEHpqJve5wrBdRshdN96jR6E58yDtvpQGjZEDTDHJM0PuBTTyQZPkahFUDp6YeSF1VM3fZHJzsUJrH4yiwYLJSBnsw8l32Zvkld6F3vUaha0R56YaeSA3KmGDsrFNL4UEuT8tK0jMmUS8Q4cUHdD6Kw3Vup6FPiS2TsZxdEAxeibnh8HJEO6SJofAgsYiVaujxlBZ2eJWW4Rc9kBqGeIpeTGoEEsSSxSHMXCxYCH2JDMGFT4q1gG7gq13z8c1wzP810JYbOfHPRav3gHHDd1IhcXbkqu29ziRko/TZwFhwUTccjmyY3kvP5LzeS4/khhvRBqzsVXK9wD0frfdKqVzJ73mUzijYnmnTIlwkGg7hU2srGsmIJ6o5dHHQ7xFUyqBdMcnJyjeJAPM/otdlm1uBVphkwwbhZ/ZdQePEfqrXTlxYNyqeI0szfoLmUeYSe9HmEPId5ldaxxPVTxonkf0F4Hg9QprDnyQykpz1RSOIAIMqQWNs44ZTRiaT4in3t2USTYrAVKh9jIxyATwLR5KA1yXrGOaG0EUkirdsLs9nd7a3n7O7ZfDsmzzlfcvaHmfgy7xMaHPdSyAZ6eEr4YmPiKw1QWLs7jDifknC77HH8wXIxr28147tLfNUaOO8TyegOUuOPcEDO69GwnffBUuCnexwIGQeXqsSZuMbHKeAOH1wpbPC5rd8O8OPJOQxAu1MBbnm0j9VJfSamZGDny81al7NbB6li1kDrjBHqpwg0QnAyCNweRUCklwQDkPad/X1Cs1vpWVTdBwNXuuJxv5K5S9lwhfBXRB3Ty1uQ07gHon6LUKljCANROD/uidxtklK5zXt0uact2QgySQzMkYNgQc+R9VanZJY6fJaKA99M6Ajxtbj+n9kIuOqnncH7AktOR1CtVJSRmWhu0J1RPAikGfdeBtn4jI+OFG47selj6mBp0SASA45FA8tSGXguHBSJq5jiYyRkADz6pimqhLUg52xpJQaplljqA12cg4SKasMJJzvlMqQg1RcHwtcxpB8yok/j1aQCNTgotFde+ByeoDd/kp8bQXMadtW2R5rT5Mn1DwLkcH2jO//LM/orbQZ2QLhik7nh+3xbHTAwbDHRWWihxhNt8HMS5CtNyCl/hTFOzAClFvhS8mMxXADu3JCqYfaoxdW7IVTt+1Ro9C8l8iyUPuBTTyUOiHgCmkbIEuxqHRDqDsUFrSd0bqBsUGrdso2MXyoFYOUsA+a5lK1JgVobladPNBrg3Yo1K7woRXHIKspoqdwZ40PdGjFezL1BMaVn2OY1wQ+7SJo/ApvdpE0fgQGHiVi4x81XKlnjKtlxj2KrVWzxlLTGoEAtSC1SHNSC1Zs2fUgjK4YypIbsvaV1dxydpKt7MYR2nGyEUI5IzByQZsNjVEpvJJfySm8kl/JBGPQOrR4SqpcWZlVsrB4SqxXt+0TWJ0J5kVu6R/ZuVLqWgTEeqvV0ae7cqRVsd3x+KPuF9oRssep4VxpIMRjJCp1m1tkGFcaZz+7CzJs1CKJHdNC60NB5Jlz3pGt4PNZps1aQXpsKa04CE0sh6lThIQOaE4hoyHpXbIbU1AaeadqJyGnG6AV0sjnHfC1DHZmeWic64NZzcFHlu+3hQpwdzyUy7V5o8cKF5Z5HuJJpa+x1sJcMPhcMZx0XxfXRdxVSxkglriNuXNfZ5jE8L4nAEOaRgr5E41oZLdxNcKd+CWzO3HLmgaqFJUNaPI5NpgWJ2l4KebE6WUNYM53TLWknZWqx2sOjD3N3PJc+c9qOnjxuboattsOPE0HPn0RJllbFGX7tbzREQtp2kuaMBNd5U1hw2JzmjkBthKpuTscpRVUdgo4ywF/LoTsQlsoIHu0MnDHk45ghNzWS61A2jfp/LyCiusdygdqeHNxuEa0vZipP0WGn4Bu1biSGFsjeWppyjtD2cX5mzGtJI5nBHzSeB7/PbpBFM86TgblbBZbpHUtDhgOIQZZWhvFgjJXRnUHZRfq5mKipawDocZCVN2FVsjS5lczWRzI/qth78Rw564VXu/FUkBfGzI6ZVLK7NSwKujMqjs94z4XjeIWQ11HJs9mrn/AOfVHeHLZcrvQOt15omsiwdMhcNTT67/ANEJ4ivHEVwqHCnrJ4488mO5oNBxLe6GcMmfPLyGTv8Aqj/Ga5F7eN8IrnaJwdJZ6l742h3d7O0jmOhVMpbLVV9Q2KKJz3SMy3AW5tb++mNfNGJjkZGclW7hzhS0shjqaWnax7CdueknosyyPGvspYFllfR8s93NbKrupg5j43YLSMYKttipHV1xo6fD3B8rdm8yCeiNdtXD8VBfoqiGMMFQMnHUox2LWN154qo3FpLaYB5PkR0KawS3pM5+pj4m0fSdmovZ7dTQZJDIw0ZG/JHKaLGNkiOADGApkLMJuTObGJJibgJ0jZJjGycPJBYwugLdBshcDftEWufIoXD94jR6FZ/sWGi9wKYeSh0XuBTHckKXYzDoh1J2KB15wCjdTyKBXDkUbGAygsybrnepJzkrm6ZFD0khwhlW7IKIyZwhtUCQVH0RdgWqGpyilinTs8SYcxKS7HILgjaEiZngUvQmp2eBBkGiVu4s2KrNW3xK1XJvNVqrHjSsxuAPc1ILVILUgtWAjPqMFdTLXpWtdWjlWE6Loi8HJBaF3JGac7IcwkCWOSS/kujkuPQhh9A+r5FVyu+8VirDhpVYuEgEiYximVga6EaHKmVOO+PxVtuso7t26pVTN9sceaOoi7mgzaQNY2VvpgO7CpVnlBeN1b6aQd2N1TiSMx9+FGe7HJLe8eajvk35q0ipSJtM4lTmnZDKV480Qa8Y5rLRcZHJsYKEVTcuRWZ4wd0Jq3gO5rUUVNoiPaMKPIE8+UYTDjlGiheTOQ+8sK/aB4TNFcae8xMxFONLyBgAhbxCPEsQ7TeOpuKZauxs0R0kLy1gLQdRHXKW1mWMIfL2O/5+GeSdw9GMMA1DC0K0QAUkTgOYVGfQyU9SInDfP1Wl2ql00sTSN9IXFzytKjv6eLtpkaoBxjGUTtE0ULNcpayNu7ieQUmXh+WePUwZOMqr3WmuGTA1jmNBxn+6XixymuaNHt3G/DtsA790DXfnmP8AZWai4p4X4jjbDqt1QZB4WtGh59Rnmsck7N6iutUfsckU9Rq1ODn6XO+qvnZR2Z1UU7jxU7VQwwujp6Z8gdgnqMHw4xzRI44P/rkp5Mif68Ba8cFUMGaii2ZzAOxHopPCMju/7sOJAOMIjbrPcKSnrrdXOEkMOX0dTrBMkf5XfzDbfqEI4OY9t7c3OWk5/VLStDsEuzUjQmSiBII2VTr7XB3xdNjHNaNoabczHPConFdume0909oc4HTnOMq8iozindoEwXKxUMuJWxFo6uIx+qLsrOE7mzSKOnlJ/FCWvI+m6xTjLszvtxMVRbm1VbIAC4NOoB2c+6rDwd2aXQ26tuN+ZNQVzg1tM5jRG9ukcyBgI8MS23uFp5Hv27TRXWehpw2ejEUkJOWkdFMpGsYXFjQM7lUThi4Xqnr3UN1adWcd+weCb1I6O9VodFRuawk5QZT9B1GuTHe3SnbNUW4YGRk/qFev2dOGPZrdWXeRm8ztDD6Dmqd2zU0016tMETC98wc1rR1OoLcuzltHa7FR2aNpiniiDnNcRlx6n6rp6OcYwSb5ZxP9DHOU20uEWpsYCfYMJOE41Ns5yHWpTj4Vxq87ksGwRczshUR+0RO6cihER+0R49Cs38iy0J8AU13JQKE+AKa7kgy7GIPgiVB2QKvPNG6k7FArg7Yo2MBlYMXkjVuu6k0KWekGyH1A5qbI7ZQZysvo1F8gyZviTJapUjclNOalJdjkeiPpTc7fCpWlNzN8KHINErNyZsVWKtvjVuubNiqvWN8ZSmTsbxg8tTbmqQ5qbc1DCH0iCu5XA1K0Fdo4gRoDyRym5IFQ7YRmB+yBNB8bJ4SZOS41+yTI/ZBoYb4B9ccNKqNzkxKrTXSeEqnXZ2ZU5hQhnYFusv2blSqqXEp36q2XR50OVLrXHvD8U2lwJNhi0VH2g3Vwpqj7Mbqg2mQ96FcKaQ92FHGylNoIuqEw+bJTLpDhNOedSpRLcgtRvyQiTTshNAc4RVvJDl2Fh0NzuOkoHWPOrmjVR7pQGtdh61BGcglpyulNNfsu60QFY/FvnHPC+ZLvSObeqlrxh3fuyPmvpmnf4gsY7ULD+6OKTUMbiGsHet+PUfX+q5f+nB7VJeju/wCJkSnKD9r/AMM9rqcSTwOx4g8D5K7UmGGJvoFT4Yn1l4gjaSA12T8FaxIInbHkcLjv9Tt9TNEstE2qhaMDcBN3rgd1WwmHIPTCTwncRoaCeS0OinilaAQEtTTH1yjKqLh/iC3fZju5WDlq6I3Q2a7TuAmnbEPKMdFpQoYJh7gPySJaGKEEsbg/BaVotV0VaaJtpt7otbi940kuO+CglhLIL23TtlSeLK0xyaS7qhVgc6W4slHTlhY75Cfw26CTvKEb8kOuNsjuUDoHbahsR0KlW5xkoF7Xox55TEuUmKxVNpGaVnDN6stWXUVR3nXQ84P1RWhrb9M0MqaHH8x3WgyU0NW0d40E9CkRW+OI4A2V+N+ivP8Aa5K5Q2cyDXOxuTvjCJTRCOPGMYRh8TImdEMr3tLCViWLaRZHIz3iO3Cu4otNQ1ge+m1uAI2zsjPZzZq4cX110q53Skx6d+Q9AnKZokuE0haDoGx8ldeF6EU9LJPpwZnfojaaO7Iv4C1kljwS/oZylsKb6pxi67PNoebyXXciuNXX8lk2Brp7qDxfeovdORQeL7xHj0KT7LJQe4FOdyUGg+7apzuSDLsZh0QqrkVX7idirBVciq9cjzRsQtmBBdgrhekuduklyboTOvkUWU5TrymHHKzNcG4djDhkpstT5CSWpOXY9EY0pErfCpGlNyt8CEwqK9cmbFVWtb4yrfcm7FVWub40nlHMQNc1Ic1SC1NuahoMfRrQl6RhJYl9F2zhjsD9JRCCoHmg7n6V1tXo6rLjZpSosbKgY5pEtSMc0D/eYA5pqS5gjmsLGW8xLrqkYO6rFc/W8qZU1hfyKHSHUcpmEaFckrA10HgcqVW/eH4q73T3HKkV33p+KN6AeyVaBmUK40zfswqhZvvQrlTD7MK2ZS5OlqbLN1K0pJbuqsuiXQNxhFG8kPohyRJo2QZdh4Lgj1A8JQGtjy9WCceEoNVN8S1BmMiITYtl0xKQ1q9pRLMbRFOzBVT7YbUarhunrmsy6kmBJ/lOxV1gZun7raY7zYqyhkAxLE4AnocbFL6mO+DiN6OfjyRl9HyzboHRXmKTH2chwCidU7S9w8impIzSVDC7ZrH/AN12qOXuK83Hrk9ZNch7hm5mKYNJ6rV7HWNkY3JzkLDqKUxSNeFo3DF3GloL/wBUKSGcUvRrFJKC0JdQ4d2TqQOhuIdGPEo3EN7NJQvLHb4UT+w213wVi60zOIL6+nMmiCH3iObj5BP0FrjtlwbFG/Y8s+SzKPjeahrqmTV4tTiQeaF/8VbrLcmSS0z42MOzs8wtLG30ZeaMez60spYaJzS4AkbAlIkaZRgHBG4WPWbtXjlp2EseXBvTdLsnbTLNdTSVdnrKdjzhkkmPF8hyW2+KMqPNp9my0la1/gd4XjYhT2vaRsVVO8mkpIq/Q5heNWk88dEQorl3jBly1DJ6YLJi9oJ1Txg74VfutRoY4Z6IhPVBzTyVfuknhe7OdkPJKzUI0SrBA2oop5DjXLJob+iv8EAp4GRNGzGgKk8GwmR1OHN2aS4evXKvpT+jj8XI5X+lJ7lAaxulsGF7CU1OnMSFhdfyXgvP5LJoDXP3Sg0X3vzRm5+6UGjP2qPHoTn2WS3n7MKc73UPt58AU88kGXY1DohVXIqt3R2AVZKv3SqzdRsUfEK5gI6XBSTKE28ElILCnUhC2LfKE3rym3sK40ELE1wExvkeG68VxqUUjI6MRGEiRvgTqTJ7qGwqAFybsVVq9viKtlxGxVWrx4ikso5iBxam3BPuCbcEIOfQzUvOybCX0XbOEhuU7KBNIWqbLyQ2pPNaiYmMvqTnmk9+T1UZ7t15pRqAWSC/KS4pIK8TsoQFXU+BypFcftT8VdbsfA5Ueud9qfit+gfsn2Y5lCulIfswqVZfvArnS/dhWyl2SuiSea6uHmslk6j6Ii3kh1F0REckKQaHQ1PyKD1WA5GJ/dKC1Z8S1AzMQOSUkNK6XBbMWSICMovTAOYWnkRgoHA/xIzRu5Ic0FxsyGr7DL7cL6YzWU8dsMmrvw7Lw3PLT5qg3+hfarpVUEnv08joz64OMr6zhOy+eO2+0G18YPqWtIjrWCYHHM8j/T9Vx9Tp4wjcTu6XVTyT2zZRYiQMc1YbDVPjeOfNV2leHEgo1ZZG6iHHBzsuczrwfJpFtuBMYLnYCTdaplTGYy8HI5KtV1bLQthAyA5ucoVLxTDHUCIuw5YjC+RmWfbwLruDaOrkc8xtLnHmoVL2bMqapjfEGEq22m4UVTGHSVMMY/mcFarBU2masEQrqdz/ACDwiqVcGNm/kDcM9ntFQVLoxHr0tGcq5UvBloZPHPJTMdKw5BPRS4qJtvrzUyTsEDxjUSp7pKeRpkgqY3g+TgVu0U9ypomEx913bsacYQSoaaWQ927LeYwma+9RUu0rw3581CZcRUEd2ctJ80HIqVo1jl8qYT9rJZv/AFUGvk1MDfPmlgtaN0zE01Vzpqcbh7xn0aNz+izC5tIvLJQi5P0WTgyqZUzMMAJjiZhzsYwfJXPvELiqGMGGtDR6DCd9qHmu5iw+OO08xqNT5p76onh+U40ocypypcUmQiNAVIlgrj+RSWnZdd7qwEBFz90oJH96jVz90oNH96jx6FJ9lit/uBT3HZQKD3AprjshS7GIPgiVR2KrlzbkFWGpOxQStj1ZRsfAvlK8YSSvezk9ERbTp1tOPRMbxRQA76U4zhR3QkI/LTgBQJ4QMrMp2gkY0wdjBXSvSeF2EkuCVkOR6OpMnuroK8/3VhhUBLiNiqvXjxK1XAbFVe4DxFJZhzEDnBNuCdcE24ICDm7e3sB5hd/eDMcws/quKY4Zi0yD6pr+LYv+oPqu/tR55TZoEtxZjmENqrizB3Cpk3FkePvB9UKqeLWZx3g+q1FJGZNsvHtrXu5hSInh3JUa23sVDgQ7Kttvl7xoRX0CXYSBXTyXsbLuNlk1QGu/uOVHrT9qfirxdx4HKiXA6ZT8Vq+DCXISsjh3gVzpSCwKi2R+ZArtRu8AVSmkjUcbb4JqSTuug7JPVC8yC/jSYQojyREHZC6V+FNEmyG8qCxwNHqh3hKr1fVCNxyjNXMGsKpd/rhHq3WoZUYyaeTJ370YOqS66s/MFnNfxS2nkIL8fNQzxg0/4n6pjyRF/FI1amurNXvBHqG5MIG4WHQ8Ysa7eT9Uet3GsZx9oPqstxZajKJuFLWteBghUTtxsLLtwmLixo9ot79YPmw7OH9D8k/w7xCyrY0h4OfVT+O6uF3BdyEzw0PiLW56noEtngtjsb02R71R8wQzljwR0U2nrzTziQcj0Qiod3MxaOWdl1k2eq4DR6aLNWxBfLTC+MjW0Y3VE4n4LayU1cU8sTuWx2HyUrhq7SwaoA7boCiFwuJqGOZKME81iNx6GHUlbKvaeFX10gY+7OiceWpuQVc6HsvvMzWOo7pTS+RwWn+6phqZ6GfLRrjzlWuy8f09GxrXmePzwcgItjWmnhSqRcaLs34vkiZT1VfCWs2GZS7b4bJVZ2dV9sGubiB8bjvohbj+6jUXafQgN/5mcnHkilBfm3qo1tjkc09X7qOUUuhlzx3w0RIOzv8AfFMZa+73KXDvADLpGPkjFltzbLEIHzOkDNgXHJwjLKjEQaAAB0CB3OaQSn1S0pOXAq0r3BGWsbu7IwEU4NpJKl81zlbhp+ziz18z/ZVez0FVf7gyip8hg3lk6Mb5/HyWrU9FDRU0dPC3THG0NaF0NDg53s43+nqfj4o9sQMhdy5LIAXWtBK61nBo7Dq1IpTnAUOGMc08ZdA5rL5LSoINkASnSt080FmuLYhu7CjSXuPQfGFnYbeRIl3OZuk7oRG9okzlCrxxFHG05ePqg8PE8T5MCQfVGUeBaU02aXRTt0DdT9Qc1Uy1XdspaA5Wmlm1tG6HKAfHOxcsWpQpaHXnIRdjNXRK7geSpSo28dgIW0DolC3gdEa7j0Xu59FfkM+FIBvtwI5KLLaQ7OyspgHkkmmB6K1MnhKfJYA92dKbfw+1o91XT2QeSanpBpOym5MvxtGfVduMO4ChO90gq33SlAadlU526ZHBZyRXZcHzQFuA2Kq9wHiKtlczIKrVdAXPXPzD+EEOCQ4Kf7G4pt9I4ICTGGzL+JeKa6G6SNa7YeqF/wAYV/5v1UXilxN3l2KEZPkfouhOb3MQx447VwH3cXV7hu4fVMu4lrXn3v1QYElKaHZ90qlN/Zp44/Rq3BFwnqAwvK2WxAujaT5LE+z4ZjjyFt9hx3TfguhjfwOZkj8w0W7BdDNkp3JIfKGtV2ZaBF3YNDt1n91ZiU/FXa81gax26z273BolO/VSUqRIwt8BGyv0yBXSiflgws5s9eHTDdX22TBzAktRkpcD+mxc8hlh2XUmM5CXnC5LzSs6qwxodifpUkT7c1C1Y6pTXZ6qLPInhiKrpcxFZzxbO9rXkFX+s+6Kzni7Oh61HLJsqWKKRi3FVxqGVWA/G6Am6VX/AFCiHFTiazkeaB4PknYydCbgr6Jf70qh/iFPQ32ujPhlKG49F7OFre/spwj9G29mnE8jaVslVUNaxvvOccAK5cVX5vE9pMdJIX0+nwEcnHzXzhJcKiO3x0oe5jTuWhbtYRGbJRCPGgQsAx8FNRmbgoGNNp1CbyMy+4xuZKdQw4HB9FFY/VsNirvxlw+4h1dTsyP8Ro/qqI9haT5jkudVcM6ydq0FbZXdxO0vVwjgjuMLXjGVn0MzXkCTZw5FHLXeZqEhjzqjPIrMovtBIT9MtTeGBUgYxuidD2eRVAHeOaPkh1s4oii5uyM9CrRTXxoxLFKMHoFj5DEZQJdt7NKNhyXMJH8qtNFw22hbhuNI8ggtv4sa0hjnYx0RccSMczLpABjqVmSbNqa9EqWBlMwyEjAVfdHUcR3H932tgfKffefdjHmShfEvGvfk0VCdbycFw5BXTsroP3ZZpKh5zLUyFznHmcbf7o2mwb5VIV1mrePHcey38P8ADlLw7bxTQeJ53llPvSO8ypsuyQ6tAbzQ+ruTWg+JdqKpUjzUpuTtj0kwB5rsMupyrlTeWtfjUnKK8tLx4lujFlxgGQmaslrSQotLcmub7wUe4XFoYfEok7JKSoqPGXEUlrp5JBk4HRZZ/wAV5txperd2gXGOWllYSMkLGvZwcnC1NtcIHigpW5FkuXH1RXAhocMqBQ8T1UMoe9ziEJEWOiW0AIbcg6hFKqNU4L41dWVzYcO2wtysc5miYT1XzN2eYF4HyX0pw79yz4Jhc47YvFbcjSLTABpThwm4PdThST7OiuhOQuOcAunKh1cvdglXGNmXKuSQZ2jyXPaGeYVRuvEsNC7EkgbnzKGHjmkHOdv1TK0zYs9VFOjQvaGeYTVRUsDeYVC/j2jH/wBw36piq4+ojGSKln1VrTNMr8qLRYLxXRtY7JCoNZdoxUPGoKv8UdplLC1wbO0n4rO6jj5kkjn96Nz5rGeo8GsNydmn1l4jwfEEEqLrG5/MLPZ+NmPz9r+qiN4tY+QfadfNc7IrOjj4NVppmzBOzRjTnCrFjv0L2NOoFG5btAY+YVxgSUin3rhCGavkf3WfkglbwnHE06Yv0WyPt7JpC4jmh9ysjDGTgJ6W0QgpGIS2ERHJYuR2xrjjSFebzbhFq2GFXmta15CA6Gor7LLwZRd0GDYLX7JHiNqyXhmrYxzRlahZa5pa0AprHL40J5YVKyyPjJCH1r+7Yd1PinD2IVdslpwtbqB7LKVxPdO4Y86lmNwuxmlJB6q7cWUr5mvG6opssjjnBSefNzSHtPhpWEOH68mcAnqtRsc+pjVmFks745wSDzWmWOAxtblI5cjY7igky1QnwZSZZg1eYcRIbX1BjB3Sg2PSV4Yeacgrmu6ql3K8d04+Jeob8HY8SvaZ3F5qKkOj5ql8SRtkY7KKx3ISR+8gt5l7xpwi4o8mMj4MqvtmjmqSS1BJbIzk1uFfK+nzISeqgexte7kulSo5rbsprOHjI7cKLcrfT24gbOk8vJW+9V0Nng0sAdO8bDy9VRqiR9RI6SQkuJ5rSiqLTb5ZDkcXu1O5rZeyu7i52X2J7sy0p046lvRY65iP8D313Dt+gqS4iB57uUfynr8liULQRTo3t9GJGlrmgg9FnfF3Bb6Yvq6CMuZnU6Mc2+o9FrUELJ4mSMIc1wBBHUJmqt+tp2yECWNNBY5HF2fOT2E7gYIO48k7T1j4Tg7j1WkcUcANrJHVNCGw1HNzceGT4+R9VntbbKigmMVTC+KQcw4f+5S8ouI1Gan0T6SrpTu5rmHzaUSirY2DEdTIB5FV6CnJ5IhDTOJAcCq3GtoW/eTx7lQ4/JEaKa4140d6/SduaZs1kjmcCd1cqOhipYxpaFmU/oLDH9ka0WURP1EZf6rVif4ap6Sle7wuha8H48/1VIgiFPSyVEmzWjOUd7U6qSDhrh6p16ZHx6SfPYImmnTchfXYt0YxC0vEsOn7wfVArnxXGwHDwfmsykvFQf8AGco77jJIfE8lNfktiH4qXZb6niYyvOklP0V+ka4OJKqlC4SOG6sVPAwxjZNY23yBnjj0WSHjNsDfE9Rbjx3A5hDZRn4qr3NjGMKplS/NXgFGc6QDwJss12uUl3eWgktKj09h7xu7U5ZoQ7CttHSDQNknLPzyNw06SpFRl4XaG6iCEFrreKYnC0uug0xFULiAiPUVazJlSwUP9n0o/foZ8F9NcOkdyzfovkvgi5sp+I2kuwCvpzhe6slgYQ4ck/jW7Fwc6fxzOzQoD4QnUMpa1pbzUj2xvmlHB2OxmqJZ5IVddo3YUo1jcc0HvFc1sbtwt4oPcYyzW0+de3u6V1v7p1NUviy/B0lYo7ii7u53Cf8A7lrHb/WtqI42ggkPWHEreqk1OrBaOEXC2vYUdxFdXc6+o/70069XF3OuqD/rKH5XspXc/sdUIr0PyVU0pzJK9x9XZTesnqfqm8ryya6HNXqlMk0uBzyTGV5VRdlvtF+bTsALwPmi0nFTdOO9H1WdZI6ruo+ZVpUUz6lo77HKAcJdbdWOjOyzS3XuVkYOSUTdezNFg80OWVmoYkN8SVuQ4tVGluDg4jI5q2vjNcSHDOU1/BXtB1Nad1lTNOFdAG2X11LKMuWlcN8Sska3L91WYOz17nfdn6Ky2fgqWlIOCExjm0L5IJl8t94a9o8Sk1NSyVnNDbfaDA0AgqbLSkN2CvJkZWPGit3ajFQSAM5UGGwNI939FZvY8u3Cm09E3yXNyTbZ0YQSRWKaxtidkNRukphEBsijqNrRyUeQBiE2bSod1YYg923YVOdPtjKH151xlZXYQoN6B1uQ2kqtDveRi/R4DiqXJVmKYjOEeKtAHwy80dwJb7yVUVGsbnKq9Bc2tYXPcA0cySoN240ZC0xUo1O/Mf8AZExY5SfBmc1XIUu9ZHCNT3BvxVVr+JnMyymGn+c80Iq7lUVzy6SRxz5lRhHldKGKlyJSas5JNJWPdJI9znZIySmXRKRTs+0lb8D+n/hLfEiqPBhsHvj9EhrdJU10Xom+63VOJaZunYzxGLxZTbJ36qmiwBnm6M8vpyWk+xh45L5i4Jv0vC/EFNcWE9206ZWj8TDzH9/kvquhliraaKohcHxysD2uHIgjIKDOFG4yA81pD+TUNuPBVBfITBW04dn3XjZzT5gq7MpweilQ0LSRss7U+y1JrlGB33sruFiPtEQNVR52kA3b/mHT4oSbM9rdmOaR6L6kgomlpY5oc0jBBGQQqjxL2btcX1lqZgc304H6t/2SWbA1zAfwahS+MzFrdFNC4AABXG0UD5QHy5PxUmO1tiduwAj0RSmh0jPQJFyOjGBBvsD5aaktlOMzV1RHA0Dnguyf0BUn9oPNrstkjaMsif3Z/wC3/wAKx8A2j973197qGZp6EGKmyNjIfed8ht8yhH7R9OJOEaepP+HWM39CCF0dHj+Py9nL12T50vRhlPVR1I2fj0Klx0xe4YKq8hLD3kTtxzAU2gvU8LgQdWOhTD0qv4iyzOuS82qgcCFZo6Uti5dFWeHeKrfK5sdSe5eep5K8NdDLBrie17SObTlEinHhg5NMp19cY2OCpLXd5Wn4q7cTN8LsKl0sDjU59Vc3wDj2XCyM2arZSyaWhVqyRENGyPB2lc7J2dCHR66VYZEfgsv4urzpfhXy8Snuys04nBeHqsZWQqtFdZKSsZMwkFpW58B9okYgjbLKAR5lfPhBa8/FWHh5zpZA0Ej4Lp6fM4cejn58Cnz7PrOj48pHRjEzfqpY42pyPvR9VidhtrpGty55+atkXD5fGCHO+qO88foCtPL7NA/jen/6o+qCcRcbQNpnubKOXmq3/DLyPed9VXuILFLHE7xOI+KwtTXSNPStrlmYdo/EbrzX6ASWNOVSso/xXS+zVHzVeylpzc5WxjHjUFtQrK5lcyvZWQlHV5cyuZVWQ6vLmV7KsqjuV5cXlCF3oLs3T3bj4giMFwGsDOxVUrmmkrdQ2BKI01RqAKA+QidM0OxhszmrQrRbWPa06Qso4drzE9m+y1WxXiMxtycLMVybb4LVRWaJwGWBGIbHHjZgUG2XGN4GCFYqWqY4DcJqHQtJkE2ZoGzVGntQAOysffMI6KJUSMwVclZI8FVlt2l3JLiptPREqiRgJ5KKamMJOcENQmxieLw8kHrGEZReerYQhdVM1yBJJBouwYS7KRUMJjXrjc6C0wGorqmOCPoXHd3wHVZ3xH2vQNDobPDnp30u/wBB/uqx4pz/AFRcskY9hTiGHTG97yGtHMk4WZ3Wqp4pXOEgd5AdVEufFFddXl9TO958idh8uSDSSGRxJJJPmuji0yj+3IpPNfRIqLpNN4WuLWeQUYZccleazJynmRpuMRdyOMjToZhKa3CUQiJGLGacZrHjzYP6lSXR+iiNmjguA7x7Wh0eBk4zup+oHcYwVcWUyK6L0SO63UtzQVwgNGTyV0SyNp7vBxk9At57COJXXG3S2Kok1TUY1w5O5jJ5fIn9VhZYSdR5/wBEe4M4gl4X4go7pCfuXjW3PvsOzh9FiUbRE6PrJkZCnUwTdDNBcqOCspnB8M7BIxw6gjIUuGLCXDE+BoOFLbGOihxZapcUnmsstFR4v4S9pcbhQs8Y3liaPf8AUeqA2qwVV3cKeGN8TP8AElLcaR/ujPatx9HwfZvZ6OZn72qh9i07923q8j+iwuv7UOMKiNgkvU7Ax2oeztEe/rgboL0Pke9DEdfLHHYfUNFbYLVQxUlNGI4424ACzft+oZK3s9ru6GXQuZMPk4Z/RUTg/wDaJuNBXRUXEzfaaN5DTU7CSP1OOYW13yjpeI7FLExzZqesgOlwOQ4OGxTG3Y6FXLcfFkB7yMO69UiRpjdqaiF1tsljvNXbZRh0MhAUV7QRhM98owmcjmJGeRRS3cRV9uI7moeG/lJ2QhjdOVwuwpV9lFuk4oNxj01AAd5hLt8TZZAWkH4KntkI6qXS3KamcHMeQQhTx2uDUXzZrFqg0sGymTu05VDtHHj6dzY6poLOWodFbW18VbEJYXhzXBc7LjlF8juOaa4IlzcXMKod+j1atlfKluuNyqN4pXP1YCxEuRm1W3RM4eqN8KPAm575UK52qqM5LYyQlWqmrqSYOETsI8Z0BcTbeHJdmq90Ug7sZWO2C/Ppmt71hGFcqTi6MtAzhb3pmei+skZjoq5xLJH3TxtyUaHiRjx7yA8SXjMTsOVF2ZPx+W9+NPmqdlH+K6w1FTjPVV/KllHcr2UnK9lQs7leyuZXlCHV5cyvZUKO5XsrmV7KshauIoceMcwodFVAxjdFOIgO6cqlDUmJxHRBjygkuGXyyVo7xoJ6rSbTOHQtLXb4WI2m5aahoytHs9xe2JpB6Kr2sutxf6fiF1tcO9cdPmrRaeM6ecDEo+qyC53UviIcUDgu0kM2YpXNOehRo5aQGWO2fTcXEMb2jxj6p396xyfiBWD23iesa0B0pPzVltXEM8zgC/f4rLzW6NrC0rNPfMyQbFRZY+oQWirZHgEuUm4XimtNvmrq2dsNPC3U956BSSsuPBIfHnms2467VLfYQ+ktYbW1gyHPG8cZ/uVnnG3bPdr/ADTUtukfQW85aGsOHyN/mPr5BUQXCR58T3H4lSGnTdyLlma4iFLxxJcb9VOqK6qklceQJ2aPIDoFB1EheEjZR4gClCMtPm1ORjQu5HA3KU1icaxONYiJGGxLGJ1rV1rUsBbRRwBewlYXsKFEeopY6huJGhw9VD9iqaTxUk7gP+m/cIphIO3TPoqcU+S0yHBd3962GqgdG8nAI3BU9v2mHn5DyXGRAEOcASOXol40nbqrV+ymecMJLTg7JZGQkEYKsh9Efs9cXfvC2TcOVUuZqTMtPqO5jJ3b8if1WxxsXxbwpxFV8MXykutG8tlgeDj8zerT6EZX2Jw5fKXiK009ypXDTKwOc3q0kJfKqdhIP0FQ1AuOOMaHgTh6ovNectjGIogfFM/o0I5JI2Jhe44A3WI9svC3EHFtQ2fU59LGwiCnHJh8/iUNI0zFLpx5ceKb3UXa5y5mnd7oPhY3o0egU+mqW1TcZBVVrbXNQzPimjMU0Zw5hCctdxdDMGkpzHOkAlEfv7DBkr6X7CuIH3HhCK1zvJloQGgOO+k7hfPN2p/b4ocfjka36lbxY+Hazs74go6vQ59BVhsMhA93PIn5oOfiQTHyim/tBcM/uy+wXeFmGVAw8gdVluctyvqHtxsrbxwVLKxoc+Ad40r5ZgcXMweY2V45WqJJUzp/RJLTzG6694Zz5LrXA7hFMjJcual2YaX/ABTRcqIOd5tuj3CPEDqOsFJK8mJ5wM9FWnPTHfmKpjeDg5Q8kFJUzUZNO0bm2ISMyORCiS2gSncJPCVybc7LHITl7PC5F46hgeMrkSi4ujoRaasFxcIxznJjB+Slt4KgaMmMbeitNtfC5owiEpi0EbIDbDKKMzuNhipwcNxhAS3uJdIcrxxCWjVpKok4m9oJ0ZGU3p2/YrnS9BalD9OQ5DbyZDGckojRv8GHAgqBd5BodunaQqZjf2ls+/mhBKMcRHM+3mg7WOdsGkoL7CR6OZXsrr2OZ7zSPiElUWdyvZXMr2VCCsrmVzK8oQ7ldyk5XsqELhxLOGxuGVTjzRriKqMk5ZlBOqxBcFyfJLoCRUMx5rTLKSadufJZ1aITLUt25FaVa4tFOPgsZDcBN0OIyqmavu6kjPVWe7v0xOWfV9SWVRIPIqoEmXCC6mEDdSI+LPZ5RiQtPxVdpZO+iB55ChXOElpI5hRxVl26NWtnaFM1rQZA8Kp9pvaDU38xWmKQtpYTqkAPvv8AX4Kk0ldNBkteRjdQnyGR7nuJJccko0E/YN8nc5K607pAO660+JFRhkuGQtKIwSZwhjFKgfpKPEEwkG6dxyP6JQCRA8OGCngMbHoioycASui4uqyjq8uLqhDhUShq++llikGmVjuXp0UtDrlA+J7a2EfaR+8B+JqzK1yi19BTK90TNLUMqYWysOQ4J30W0VR3okuC6vHkoQSx2ly3XsT4tqRbJKeMGWW3ka4m85Kdx546lrifk7Cwg7FXLst4r/hDjCguLz/yzn9zUj/8btiflz+SxONotOmfXNHKyva17gQzGWtIx80/VUkUseHNGyZle1srZIyCx24I5EKW46o8jqEsGMH7bOzVtQw3m3xBsjRqfpHML51kDxVFkbHawcEYX3Xf6eOexVQlaC1rHc/gvhq9AsrZnN2Be4jHxRcYORY6AVncQtfAGDW0mV8gw3fngZOF9ly08F1tMcbyyRkkbSHt3B2BBC+KuHq2SopjFIc7Y3X172bVRrOBLJK45d7IxhPq3w/2W8y4TMY3y0T79bmVlhqKRw1NdGW/ovjK6Uhtt4q6QjBjkI/Vfb0g1wvYeoIXyH2tW792ca1JDcNlOofNDxvkJJcFUkAdsRkFNsYYz4D4fIpwnLUkFMAzlQMsB8lELlMk3jKgPdgqmWce5Q6hxBafIhSnHIUKpOG/NZZaNH7N7gY31dMTsQHgKyzVju9OD1WecF1Jhu7QD78WFcDM4zHPLK52ojU2N4ncUXaxVZc0ZKMyylwOCqjaqxsLRuiQuzc41JXbbGbpCqm3yVUmCDhIPDAxnRuituro3kEkIzHNFJ0CdjBxQnJ2ynHh8MHuoTc+GjK04atLMETxyCZkt8T+gWtxnaYPdOAnTvLi0pui4I9m3LMj1C3Cps8Xdk6QgtTSwRtcCAhZegmNcmP37huIUznBgBA8lnczDFI5h6HC23iURiF4bjqscuMeKuT4oWJm8i5IS6u6V0NyUYEJXVJjpSRledARthVZdEVeTroT5LghceillBO9Ur/aXOwUMbA4uxhaFcbL3uTpQAWV7KkeHYFXTSJaZI4btRGHkblXympS2IDHRDbHSBgaCFZmRtZHn0S0pDEIlYvNI57CFTpuHnSTFxB5rRK/S84UH2dvkFFJojjYCtlpDIdBG4TFyt+GnZWWCMMeo1yhbpOyiZNpm1bF7MXN6uP6KGeSIX5w9ve0cm7KCG5Cbh0LvsS0FKDSHJwANC8CMoiRmx6MJ9uyYjKkMKMgbJML8HmpwfqbnyQ1jgFKgkGMZREYJGpdB3TQdvhLBzhaKHAV7qkgrvRQh0rhAOx5L2dl1QgLgJttcYSfsJjlnofJFQcqLXUgqqcs5OG7T5FIttWZ4dEm0sZ0uCzHh0W+eSbnAXc5SV5bKOOSoXkbLh3SG+Fyoh9a9j/E44r4DpTI/XV0B9lmzz8IGk/NpH0Kv1K/XEWnmF8y/s+8UCzcXm2Sv0091Z3WDy7xuS3+4+a+lIXd3Np6FLTjTCwdoG8U1Qp+HrkOThTucPp/8L4nuUZllyRzX2bx+0jh+tI6wvHyI/8AAXyFJT6y0lFwq7MZHQux0/dEeS+puxSsFVwDSxZy6mmliPp4y4fo4L5noWCMj4rZOwDiHTcLrYZTgvDaqIHrjwu//lFzR+ALHL5m1u2d8V82ftFWz2e7wVbW+8MZX0q8ZGVjP7RNr7+xxVYbvG7mlIumMs+eGO1NyuZTcDvBg9NkopsCLJyCh8uynA7KFPs4hUy0NatlEqvdKfLsKPUbtQ30aRYOE3f/AFen9W4V5c3DiVnvD03c3akd8lpEuktJSWp/YZwv4kc3AxDAKaF3cHbOKH1hLXFRo3ElXpoWys02kW2iv748DJ3Vws9xdOGnKze2xulmbtstHsFMGtbsn8yUUK4m2yzQuJYCnNSQ3DWgLqQsZoj18/dwnfoqBe7x3b3DUrdfqju4Xb9FjPFt0eychrtyVnL+puHY9eLh3sTsuWc3RwM7iEXqbhLIzBKA1TtTiSl8TCZBgc1Ot9G6qmDWjKgs3KsvDbWNa522Sm4R3OhaUqVjptLoo84CGPi1yloCtNRMxrDk9EAg0vqHOHIlVngopUXim5OmJZbC4ZwnYbVg7hFoWtDd0418YO+EpuYztRdpKBsgOyGSWprZCdKMRVLS7dOlsc24xldTamcvc0DqaBsWMBOVlYIosZXagdygN1q/Ad0plwcjeLPaGqi6tEhyU227NecAhVW41zmvOCm7dVPkO5KHHFboJLLSLablpeMFOVE4kgMjjsBkoVTwOkcCpd5zSWeZx2y3T9USWGjEM1lCrHGaokmd+JxKjGToF6om1uIHJIY3JWyhwklda0pQbgJTQiJGWxUeQVIacJprUsbIiMMda5PxvwVFGyda7HVbTMkwv3B80416il+YufLdKjkzjf8AVaKolg80vKYY/ITgKsgvOy7lIBXcqEFHfZDa6J1JUtrYx4eUoHUeaI5/9yuPYJGFrgCCMEFRq0RcHWPEjA5pyCNivZQ+jcaSd1G85b70ZPUeSnkqJ2U0KB8kl2xyuZXjv0VkJNFWTUVRDVU8hjnge2SN4O7XA5B+oX2dwxfo+J+HrdeocAVMLXuA/C/k4fI5XxTG7BX0D+zjxX31DcOGah/ihPtVNk82nZ7fkcH/AFFDyK1ZqL5NV45weGamU8g3f4FfJHd+Ejq0lv0OF9f8QUhunDdwpGjLnwODfjjZfIcILzMDzErs/VXp+6KzLix2nGCEW4Zvb+F+MLZd2nDY5Q2UecbtnD6FC4hpPRJuLdUO25CbnG40LxfJ9mxysmia9hDmvAII6gqidsFv/eHB1W3TlzGkhSuyfiD+IOBrZUOdqmiZ7PL5hzDj9Rg/NGeKqMVtkq4SMh0Z/oubVOh1O1Z8SRZa97fIpwndKr4TS3apgIxoeR+qbJTMXaTBPujuVCqj4ypeVDqz4/krZERnHdMzHITjymnlCZpEyhl7uvpiOhC0I1btA9VmtKS6vgA/OB+q1/8AcJ9njeGndoKS1UkmhnBFtMAS/auwpdFazIMqULS5r92kIxQUndgZV4M0YkyYmxVps/duBIVzt8YgYEIpXNZjkiDKoYwCmJZN4OMNoU9o35p1s3hJQpk2TzT75wyEnKHtNgPiitDIX79FiHENb31a4Z5LSuM7mGxP381jFfVF9S92eZQcnPBqLp2Sd5vC3cqRDwxPWDIzv6L3DUYq6zS7fC2ThuwQvY3LAUrKWwPGO8xWfhC4Qu2bkfBP0Vtr6H3ozhfQ8vClM8Z0N+iCXLheFoIZGPorjqWmVLTpmK1clRI3QGuBXKWgqmjUGErUW8DiebPd9fJGxwC6kPdSRaXAA4x5jKuee+yoYK6MalqZYBh7XNx5qFLcyDzWw3PgRkjT9kPoqHxBwMaZrnxsIx5Koziy5Qkg3FXA8ynm15YchyrRqSORSJK9wHNdGM6OdLHZYa65kt55QCuqtbTkqFLXyO2yVGmnc8Kp5LLhjoH1wD3FctrgyXC5PkkpuB+mTKFjfIWatF3tj4yBlDOPbixlHDSMPikOt3wCRb6vkMqscRVrq26SnOWs8A+SPOXALHGmDQNRTzBhcYzSMldB3Q0GY4lN5pAKUOaIjA+1OAJppToKIjDO4XAcJXNcIWihxjsjB6pMUmNuoSWvwU05+mYjod1VkCLH5TwcoMT+W6ktctoofB+CUPkmmuStSsg5kLuUgO9V7UPNQg1Wwd8wOZtKw6mH1XaaoFREHjY8iPIpzUobz7JVB/KKbY+jlT4dkJmV0FJJHNcDlooVlWXs94m/hTi+2XR7i2COUMnx/wBJ2zvoDn5KsEpTXKmQ+76ctdkNcHNcMgjkQvkviWgFq4vvtCBpbFVvLR6E5C3jsV4n/iLgmhMj9VRRD2SXJ38IGkn/AE4WR9r9J7B2n3IYwKqGOceu2D/RDw8To1k5iVTO/Vdl+0iI5+iSeaU05BB3CfFTVv2cruWOu9me7q2pY0/9rv7La6tgmpXs/M0hfMfZNdRZe0K3Oe7TFVl1K7y8Q8P/AOwC+njyIXPyxqQ3jdo+LuP6M2/jKuixj7Qn6oGSrz250XsXHMjwMCQByoZK3j6Kl2KByotWfGpAcolWfEFp9GURXFNnfPouvdk7JIcADjfPMoTNoct7w2407j0kb/VfQlHURPoYCSPcC+c4nFsrXeRBWkUvEkzaaIHOA0BI6uDlQ3pp7bNAmliI2IUKarEIyMKpfxIT+I5Uaa+zS7NyUksckNPImW1t+DHYJU6C+Md1VBiqXOOXlT4a4MCYjJoFJJl+husbvxJyrug7nAKoYu5B2yiFDPNWOAyjLLwCcAbxLBNX6gzJyqdLwdUyPzgrZ7fw4aghzxlF2cKwn8A+iWnm5DRw8GKWPhqe31AkIK1OwVppo2h3RGncLwge6EyeH9HujCDKe7sIobeid++2luMpk1rJ3gYySohssjfNe9idBueYWaRdsu3DvDjnSNqKuMMjG4Yebv8AwrFdLXFXNEkYaJWjAz1Hks+snEtVbZmRvc59MThzSfd9QrFfOI5IHNpaV5DnNDnvHQHkAiJR2mLdjFbQNicY5WaXAciqNxZTxMhf4RyVkNXI4EuJJPMlV2/08tWwtAO6HFchJPgxZ+VHkDiphbleDAOi6AgQe4cei4YDhT9KbeAoy0CZ4FCLNLkWqSADshsh3KpcEY/TVBia52eQygLG63Olf1OfiipOYnjzaQhMsn4QMAckWLsxVHXvyVxpTed0pq0iDwKcamWp0IiMMdalgpoJYKIjI4HJWU0CvZIVmRblGnfiRp808XbKLVHZp9VUui12SopFKjk2QyGQqZG9XFkaJzXpQcorXpwOWzI/qStWUwHLutSyD2pInY2eJ8buRH0SQ5d1ZVkG6OcvYWP2kjOlyf1bqBUO9nqI5h+M6HDz8lM1bZWU/RGOZXA5I1FezstENd/Z44qNq4pms0r8QXKPLQekrMkfUFw+iP8A7Q9vMPFNjuQG1TTSQE+rSD/dYhZbrPZbtR3KnOJaWVszfXBzj58l9G9vPdXPgixXljS0tq43tDuemSN239PosdTTI/1aMYdsPRJD+h/Vce4gJG+RyyQnLF6HIqh1HWU9XGS18ErZWn1ac/2X2BRVTK6hgqmHLZo2yD4EZXx1Ju0jZfT/AGX3B9w4CtE0mdTYe6PrpJb/AGS2oXTDYX6MV/aSpRHe6WpA95uCfmsjcdgVt37S0QMFNL1a5YaXZY34LGPphJi9SiVh3CfzuotU7cLcujKIr8n4eS4DjK85ySDsSgs2jmfEMLV7Jwk+vslNUBpJe3KyUHdfVnZxboqjg+3ucBkxj+iU1MqSoZ08bbMtk4HnDtg5OQ8EVGfdctyNkgP4R9EptlgH4QkvIxnxoxyDgmXbLSp8fBLsbtP0WtNtMA/CE6LdCPwhVvZe1GTR8D5PuH6I1bOEhTuB0/otCFvi/KF32NjeWFLZKQFpKEQMAwpQYB0Ux8Yao7whtG0xvQCvCJp5hdJSS/Cqi7PPp2EbYUSa3h/QKSZSk96VKJYONqGfdTzaTfLiSfMqWZikOl9FChowNATT6WN3MBLklICjPqHNyroln//Z', NULL, FALSE, NULL, NULL)
ON CONFLICT DO NOTHING;

-- ── eye_prescriptions ──────────────────────────────────────────
INSERT INTO "eye_prescriptions" ("id", "tenant_id", "customer_id", "recorded_at", "recorder_id", "sph_r", "cyl_r", "axis_r", "pd_r", "add_r", "sph_l", "cyl_l", "axis_l", "pd_l", "add_l", "notes", "recorder_name", "va_r", "va_l", "old_glasses_notes", "medical_history", "frame_type") VALUES
  ('6683d8b5-6843-499a-9cbf-0a6803328e8f', 'bdff609d-b327-4287-9be9-8489f1ebbdc0', 'b42c13d0-5ee0-4b4c-a9b9-edc4c45fc1b2', '2026-06-08T17:00:00.000Z', 'a332621d-1076-4269-840c-29cdd0fb726f', 3, 0, 0, 0, 0, 3, 0, 0, 0, 0, NULL, 'บี', NULL, NULL, NULL, NULL, NULL),
  ('fabd70d0-8eca-4466-9e53-6278342c98a4', 'bdff609d-b327-4287-9be9-8489f1ebbdc0', 'b42c13d0-5ee0-4b4c-a9b9-edc4c45fc1b2', '2026-06-08T17:00:00.000Z', 'a332621d-1076-4269-840c-29cdd0fb726f', 2.5, 0, 0, 0, 0, 2, 0, 0, 0, 0, NULL, 'เอ', NULL, NULL, NULL, NULL, NULL)
ON CONFLICT DO NOTHING;

-- ── products ──────────────────────────────────────────
INSERT INTO "products" ("id", "tenant_id", "code", "name", "category", "brand", "model", "price", "cost", "is_active", "created_at", "updated_at", "image_url") VALUES
  ('03b918d0-4635-48d7-88f1-8059062fc6d4', 'bdff609d-b327-4287-9be9-8489f1ebbdc0', 'SG001', 'แว่นกันแดด Maui Jim Polarized', 'SUNGLASSES', 'Maui Jim', 'Peahi', 12500, 4800, TRUE, '2026-06-06T23:28:23.014Z', '2026-06-06T23:28:23.014Z', NULL),
  ('0973854d-17bb-4c9b-b693-4e3c75d8e75a', 'bdff609d-b327-4287-9be9-8489f1ebbdc0', 'LS002', 'เลนส์ Blue Cut 1.56 Anti-fatigue', 'LENS', 'Nikon', 'Relaxsee Neo', 2800, 1100, TRUE, '2026-06-06T23:28:23.014Z', '2026-06-06T23:28:23.014Z', NULL),
  ('0e102201-f910-4101-a4bc-cd3703213a41', 'bdff609d-b327-4287-9be9-8489f1ebbdc0', 'LS001', 'เลนส์ Progressive 1.67 Super HD', 'LENS', 'Essilor', 'Varilux X', 6800, 2800, TRUE, '2026-06-06T23:28:23.014Z', '2026-06-06T23:28:23.014Z', NULL),
  ('1dae1160-01f6-4808-b024-9a31fa840ee9', 'bdff609d-b327-4287-9be9-8489f1ebbdc0', 'FR003', 'กรอบ Titanium Ultra Slim', 'FRAME', 'Silhouette', 'TMA5513', 8900, 3500, TRUE, '2026-06-06T23:28:23.014Z', '2026-06-06T23:28:23.014Z', NULL),
  ('25b49849-c015-4afb-83e0-81ceb7598613', 'bdff609d-b327-4287-9be9-8489f1ebbdc0', 'LS003', 'เลนส์ Single Vision 1.74 Ultra-thin', 'LENS', 'Hoya', 'IQ Sync', 4200, 1700, TRUE, '2026-06-06T23:28:23.014Z', '2026-06-06T23:28:23.014Z', NULL),
  ('67ca5331-9eb3-4fc2-afe2-8d25e38486df', 'bdff609d-b327-4287-9be9-8489f1ebbdc0', 'FR001', 'กรอบ Ray-Ban Aviator Gold', 'FRAME', 'Ray-Ban', 'RB3025', 4500, 1800, TRUE, '2026-06-06T23:28:23.014Z', '2026-06-06T23:28:23.014Z', NULL),
  ('9131f0cd-4899-4851-af95-4015802445de', 'bdff609d-b327-4287-9be9-8489f1ebbdc0', 'AC001', 'น้ำยาล้างเลนส์คอนแทค 120ml', 'ACCESSORY', 'ReNu', 'MPS', 290, 90, TRUE, '2026-06-06T23:28:23.014Z', '2026-06-06T23:28:23.014Z', NULL),
  ('ba367d3b-086b-4358-8b65-5ab4fbe7234a', 'bdff609d-b327-4287-9be9-8489f1ebbdc0', 'FR002', 'กรอบ Oakley Round O', 'FRAME', 'Oakley', 'OX8143', 5800, 2200, TRUE, '2026-06-06T23:28:23.014Z', '2026-06-08T22:07:48.032Z', 'data:image/jpeg;base64,/9j/4AAQSkZJRgABAQAAAQABAAD/4gHYSUNDX1BST0ZJTEUAAQEAAAHIAAAAAAQwAABtbnRyUkdCIFhZWiAH4AABAAEAAAAAAABhY3NwAAAAAAAAAAAAAAAAAAAAAAAAAAAAAAAAAAAAAQAA9tYAAQAAAADTLQAAAAAAAAAAAAAAAAAAAAAAAAAAAAAAAAAAAAAAAAAAAAAAAAAAAAAAAAAAAAAAAAAAAAlkZXNjAAAA8AAAACRyWFlaAAABFAAAABRnWFlaAAABKAAAABRiWFlaAAABPAAAABR3dHB0AAABUAAAABRyVFJDAAABZAAAAChnVFJDAAABZAAAAChiVFJDAAABZAAAAChjcHJ0AAABjAAAADxtbHVjAAAAAAAAAAEAAAAMZW5VUwAAAAgAAAAcAHMAUgBHAEJYWVogAAAAAAAAb6IAADj1AAADkFhZWiAAAAAAAABimQAAt4UAABjaWFlaIAAAAAAAACSgAAAPhAAAts9YWVogAAAAAAAA9tYAAQAAAADTLXBhcmEAAAAAAAQAAAACZmYAAPKnAAANWQAAE9AAAApbAAAAAAAAAABtbHVjAAAAAAAAAAEAAAAMZW5VUwAAACAAAAAcAEcAbwBvAGcAbABlACAASQBuAGMALgAgADIAMAAxADb/2wBDAAkGBwgHBgkIBwgKCgkLDRYPDQwMDRsUFRAWIB0iIiAdHx8kKDQsJCYxJx8fLT0tMTU3Ojo6Iys/RD84QzQ5Ojf/2wBDAQoKCg0MDRoPDxo3JR8lNzc3Nzc3Nzc3Nzc3Nzc3Nzc3Nzc3Nzc3Nzc3Nzc3Nzc3Nzc3Nzc3Nzc3Nzc3Nzc3Nzf/wAARCAJYAcIDASIAAhEBAxEB/8QAHAAAAgMBAQEBAAAAAAAAAAAAAAECAwQFBgcI/8QARxAAAQQBAgMGBAMECAIKAwEAAQACAxEEEiEFMUEGEyJRYXEygZGhFLHBB0JS0RUjM2Jy4fDxY6IWJCU0Q1NzgrLCNZKTVf/EABsBAQEBAQEBAQEAAAAAAAAAAAABAgMEBQYH/8QANBEBAQACAQMDAwIEBAYDAAAAAAECEQMEITESQVEFIjITcTNSYZEUFSOBBiQ0QrHBQ6HR/9oADAMBAAIRAxEAPwCCEJ0v1r+cEhFJqhIQikCTQhAJJoQJNCEAhCEAhCdKCKE06VCQmhAkJoQCSaEREhRIVlKJCiyoJEKdKJCNbQISUyEiFGpUUwlSYUVIJoCarBITSQNCEIBCEKoFNjqIKghB1cTIHK11sef1Xl2PLTYK3Y2WRsSuOfHt6+Hn12r07JbHNN1OC5UGUCOa3RTAjmvPcdPZLKjJFazujIK6GzlB8YKsyZuO2AEtVjZFKSKlQWlq3Ltzs01NeFMFYg+layRNG2lMKtrrUwVGklNrqVYKLUsWXTR3iFRuhZ9Ma9deOCEJr3vjkhNCBITQgSE0IEhNCoSE0IEhNCBITQoEhNCBITQqCkUmhAkJ0hEJIhSRSggQlSnSVI1tClEhWUkQou1RCApkJVummtgJoQFECEIVAhCEAhCaIVITQgSYJCEINME5bsSulj5XLdcRWxyli55YSu3HzXHy9NDkA9Vqa8ELz2Pk8t10IMm+q8+WGnuw5JlHSLQVRJFanHKCrRRCz4bs250kRCq3BXTfHazSQrcycssFDJFcyRUPjIUNRC15Y7xva+1MELCyVXtkCaWZNFoVWtCmmtvKpp0il63ytlSKUqRSJtFClSVIbKkJ0ikXZITTpE2ihOkUi7JCadIm0aQpUlSGyQnSKRSQnSETZITQqBCdIUCQnSKVCSpTpKkNoEJEKZCRCi7QIUaVlJUo1tCklYQokIu0UIQimhCEQIQmgSaEIBJNCBITQgkxxabWyCdYUwSFLjtrDO43s7sE/Ldb4ZrXnYJ62K3wzcl58sHv4uaZR22uBTLQVhinWpktrlZp37VGSIFZZYSuhYKg5gKsy0xljtyXAtKBJXNbpYQVjkhI6LpMtuFxsPvkKnu3IWme7mUhNC9D5xITQgSE0IFSE0KBITSQCVJpqhJoQgEqTQiFSKTQilSE0IIoTQgEJoQCEJohJKVIQKlEhSRSLtAhKlMhKkXaJCiQrEiEWVSQkpkKNKN7CEJoBCEIBCaSIEITQJCaECQmhABXwzFpAJVCEs2stl3HWhmBA3WuKZcOKUsK2Q5AK45YPXx8++1dpkoPVXtfa5UcvqtMcq4XF65lttIBUHRA9FFkitDrU8LpR+HHkhabCE2npjySEIXvfDCSaECQmhAkJpIBCaECQmhAIQhAIQhAIQhAJJoQJCaECTQhAIQmgSEJoEhCEBSVKSKQ2gQkVMhRKLKgQoEKykiEalVlCkQolRoJpJqgQhCAQhCAQhNAkJoUCTQhEJSDiDskhBqhyK5rbFNfVchWxTFux5Lnlht34+azy7kci0MkXKhmsBbI5AVwuL3YZytveIWfWhZ03twkk0L3PhBFIQgEITQRQmhAkITRQkmhEJCaEUkJoQJNCFQJJoUAhCEQIQhAIQhAIQhAJJoRQmEkwiAqBCmkQqRWlSlSSjSJCiQrFEhGpUEJkJI0E0k0BSEIRAhCEAhCaBJoQoEhNCoSE0KCUchaVtiyNuawIBpZuMreHJcfDq9/6oXM7x3mULH6br/iKtQmhdniJCaEAhCECQhCAQgoQCEIQCEIQCEIVAhCEAhCEAhCEAhCFAIRSEAhCEAhCFQJpJhAIKaCiIEJEKaRCNSoEJKSSiokKBCsUSEalQTQQhRQhCFQITQgEIQgEIQiBNJCgaSaFQkUmhAkJoUVdSaEKuQQhCIEIQgSaEkUIQhAIQhA0kJoEhNJAIQhUCEIQCE0kAmhJQCEIQCE0IEmhCATCSYRAhCFQkJoQRIUSFMhRKNSo0kQpIUVWQokK0hQIRqVFCEIpoQhAIQmiBCEIBCEIBCEKAQhCoEIQg0IQhHIkIQgEIQgEIQgEIQgSE0IoSTQgEIQgSE0IEhCFQIQhA0IQoBCEIBCEIgQhCATSTQCEIVAhCYQIpEKdKJCG0CkpkKKNEVEhSQgrISUyFEhRuUkIQgaEIQCEIQCEJoEhNCIEIQgSE0IL0JoRzJJSSQCEIQCSaECTQhAIQgoEhNJAIQhAIQhAIQhVSTQhAIQhRAhNCBITQgSaEIBCE1QJJpIBSCipBEpgIITCERAhQIVpCiQjUqtJSISRoqUSFNBCG1RCFMhQIUalCEIRQhCEDQhCIEJoQJCaEAhCEF6aEI5EhNJAkJoRSTQhAkJoRCQmhFJCEIBCEIEmhCAQhCAQhNAkJpIBCEIBCEIBNJNUCEJohITSQCYSCkEKkEIU2hSszuhSRCt035qBFJKurFTgoEK4hVuCrUqCaCEIpEKJCmkQiyqyEKRCjSjWwhCEAmkmgEITVQkJoQJCaEF6EJqORITRSBUkpUikNooTpCKSE6QgSE0kAhCEAhCEAkmhFJCaSAQmhAkIQqBCEIBCE0CTQhECaKQgEIRSATCSkAiVIKbQVAK0BSrjO6QG1KJbeysAToeSxt2s3GZzSCoELUW3dqpzCFuVxyx14Z3NUCFeQq3BUlQTRSEaRIUSFYkQhKrQpEKKjQQhNAIQhUCE0IEhNCC5OlIBOlHHaNJ0nSxz57Yp+7DC4DmQeqznnjhN5V14eHk58vTxzda6RSohzYJTWvSfJ2y0CjyIPqExzxy8Vnk4uTius8bP3RpFKdIDbK057QpFLQICRdqD4y3YhTcass71SlSs0pEKptCkUrmRl2/RTGOSFLlI1MbfDMkrnxFnMKFKy7S9vKCKV0cRkOy0NxQBus3KR0xwyy8MNIpaZccs3G4VWlWZSsZS43VQpFK1sZcapXNxvNS5SLjjll4ZKRS2nGHRVPx3DlukzlavHlPZnRSubC4kbUtTMcAckuchhx5ZOfSKXSOMD0VX4UA73Sk5I1eDOMdIpbHYw6WE2Y/LZX1xn9LPemPSil0Pw4HRZ5otO45JM5Uz48sZus9IpSpFLbntEBSATpSARLQxhKuDVOOPYK3RsueWTvhh2UgFOlZpTDVnbrIr0qLmWFfpSLU2ljE9lHkq3NW50dqiSIhdJlt58sLj3ZC1RpXuaqyFpJUEJ0ikVAhRIVpCiQjUqtCkQkikmhNAkJoQJCaEHa/A6N6Vb4RS72RGN9lzJ2Va8PHy3J7+fpscPDm934q81wZ2f10h5+Ir0JJ1EVv0XEDmOeddg2s9Ze0ez6DJ687GXu75/VWxufFWiRzT6FXd2Du2lEwmrbyXhm54fo8pMpqzabM6Vh8bWuHpsVtxOJYxNSEsP8AeXMdE4NO21KDmWDtYXbHqeSdt7fP5PpPS8l9Umr/AEesh7qduqGRjx/dNqb4fMLx7dTHao3Oa4dWmlqi4tnQn+11jyeLW8ep+Xl5PpFn4Xb0DoRfJVOgFrFB2gadsnHI/vRm/sVti4hhT1omaD5O2K9GHPjfFfL5vp/Lh+WK5kWwVoioKcNEWCCPNX0KTLJnDCaYpoQW1Sxugp1LqyDZZXVa1hlXHl45asxIAGq8xDyUYjQV4cKXLK3b18eOMx0xzsDWrCQL2W7LNhc6yHbrvx708fU2TLTRE0Xa0sbazRLXCLKzm68WrFjIRSi6L0WtrdlFzVw9d29n6c0wd3TlpbF4UaQXK5ooLWWTOGE2o7ulAtsrS8ClmvxJjdpnJCLFKNgJpBIpTh2K1bdOck2n3QpY8qMUV0XcljnqimGV2vLjPS5BXnu0faWPhR/DwNEuURyJ2b7ruZ034fHnm/8ALY530C+TyZXfyvlyQ4veSS5pvf2K31XPePGTHzWfpPQ49TncuT8Y9Rgdt5GkNz8Rrr/eiOk/Qr0nD+0/B8lwH4oQu8phpXzZogI2eCOg5fY7fdIwsB3oNPIjw/Y2PuvFj1fLPPd9rl+j9Nn3xmv2fbccxTxh8MjJG/xMcCPsrSyl8QhdNiOEkE0kR6PY4xn6iwu3idreOYgB/FmeMDlOzV/zBbnV78x58/pGU/DLb6iWeiYZ6Lw+D+0JxoZnD9Xm6B918l3MPttwLINOyHwO6iVlV9LXadRhfd4s/p/Pj5xd3SlpUcTPwc2hiZcEpP7rXi/pzWks9F0mcvh58uLLHzGfQk+OwtOj0SLFfUxcHMliIPJZ3NXWljsLHJFzK7Y57ePk47jdxiIUaV7mqBC6OcyV0kWqykUqu1JaokK4tUS1RqVXSFOkqRdo0hSpFIbRQp0hDb3ElOC5+RDd0FrY/VspyMBavjYX01+h5MZnHAmhrcDcLzczWNyXCN2oX16FexmZubXjcwd3nzt8pCuvPlvCL9Jw9PPlr4BFHmn3rwb5nz6qL3WdkufJeR9/Szv7Ooij59UF7HHyPmR+oVXyQAK3RdJOaHHnZ8+f+ape0XvSm/YbKvUT1KzREhKlK0BFSx558Y3DM9noDt9F0sfj+XER3rGSj6Fc8MsIdEfJamWU8Vxz6fi5Pyxd9nH8SYVIHwu8nCx9QrW5EUviika/2K8s5hHRJmqJ4ew04GwV3w6m4+Y+fz/SOPPvhlr/AO3s4pQ4c1froLzeNx3uyBk4zXeboyWn6cl2MbifDMoUzJ7p/wDDMNP35fddP1+PL+jxZfTuo4521f2GQ4krI/zXSnxZQ3W1utnRzPEPsubJWqv0Xs4rLOz4vVYZ4X7ppbA7ZboHBc2N2k2tEc4Hurnhs4OaTy6okFKEkmyx9+Ku1TNlWCAbK4Thu3tvU4yeWlkvj5rSJAuIJXh12tDcsULtby4a5cXV4+7ovkACyukG6zSZV8lQ6VxPNaw4azy9VL4bRKL5q6OUDquXqI6qQld5rd4nDHqbHYMwI5rFkzDcDmsxndVDZQLiTZTHi1V5epuU1HJ7US91wLLde5Zp+q+XDkvqfaCfBh4e4cTa50DyG00b2vmEjWd47ur0WdOrnXReHrvyj7v0H+FlNe/n2VlgcKSaXx/C4j2VoCCB1XhfeKPJdGbA0nzYdN/RTbkxl2ogNf56aJ+baUHRg8lWY6RWsyRym37n+I0/77FMlrtnO1DpuHfZ26w6aRqeNrNeR3CDW6INGxFdObPz2+66eH2g41ggfhuJZIYOTZTraB9x+S4TZnR1pJb/AISQptls2QAfMCvuKSXXhMsZl2se2wv2jcUioZWLjZI6lh0n7fyXfwP2jcHnIbn4+ThuPWhI39D9l8vPeP5jvR57OP3oqLi5u3Ifw3+jtlucuc93nz6Lgy84vtsHaHgmUAYOJ45v+J2n86WoOinbqgkZIPNjgR9l8F8N38J892/lsrYppI3B0T3se3k9h5fNu67Y9VlPMeLl+kceX43T7TPFpN/ZZyF80xe0/GcemMz5pWjo9wk+zvEulB22zGGsiDHk+ZjP32Xsw63jv5dnx+b6H1GN3hqvcUil5zF7acOkA/FQ5GOT10a2/UfyXUxuOcKyq7jPgcT0LtJ+hXox5+PLxk+fy9F1PF+eFbyFAtU2PY8WxzXDzBtMhdnl3pTpRSsISpGtoUilOkUi7V0hWUhDbv4UhK2OkJFLJjw6Fr07L5Wcm33ePK+nVZMg7rxvFduKT+rgfsF7WSLUV5Dj8Zi4tJ6hp+yzy/g9X03f+Iv7f+4zFlDcFRUtTj12SHLdeV94H7oO4tOh0KWkoIc1EilPqgsLuSioBupXNhAbZUmMpWuHgVkTaoN8tlLevEL9kQ72pv8AhQVaoyauvRJ0LTy++yqcN1a0HTsSPZRVMkB8lndGR0W0OeDvR9woucDzb+qCjHysjFdqx55Ynf3HELpt7R5bhWTDj5Hm50el31FLnSMjPSlS5tfDuktx7ypnhhyTWU26zuMRO3OM5h/uvsJx8Tx3HcuZ7j+S426dL0Y9Xy4++3zeX6N0nJ4mv2ehZkRy7RyNd7FTXm6o200QuxidoJYohFlYsOQ0fvEaX/Xl86tejHr/AObF87l/4fv/AMef92ykUsM3GIXPBhxnsB5tL7pa8edmRGHxnbkR1BXr4+fj5O2N7vj9T0HUdNN8mPb5TpFJoXd4kU0JopJ0hNEeV/aAf+zcdvnL+i8NWy9z+0L/APH4v/qn8l4ccl8frf4r9j9F/wCkn70BRcpJFeR9YwdkFKiE+aKjQKg5qnSZ5IM72lDPVWmiFAt8lFiuZ1kV0Uop5AK1GvI7j6KDm7qHIqDVqDj4ogD/ABMOk/y+yi6SG6t1j+JoP3FFTi3bayTt/rCrSNbZH/uPZIPIkH7O3QXFo3Y6M+hLb+thYmq9kjmjwuI9ioLgQd9Nf3g2vu3+SsaCRW0gHoHn9Cs/fm7dHG73bR+opSGT5gkeTgH/AJhUaIpZ4HasaeSI9AyUs+zv5rrY/afjWKADkmRo6ZEd3/7uf3XHZkxkfvM2/dJo/I2ptkh5EtB/iaCK/wD1JH1C3jnlj4rlycHFyfnjL/s9NjduMof95wY3jzhd/uupjdtOFykNnEsDuuptgLxQja/dkjJR5eF5/RyHY4J56D/DrLfs8fqu+PV8uPvt4OT6P0mf/br9q+pcPzMXiTC7ByI5q5gGj9DutT4ZGfGxw9wvj7sZ8R1hrmkfvCMivmwq9nGOMQMLYOK5IZ/CMg/kV3x6/KflHi5PoGF/DP8Au+qoXyT+muM//wChmf8A9Chb/wAwx+Hn/wAg5f54/RTYqU9Cmi15ttaViJeL7ViuMvA6RtXuQV4XtO7XxrI9A0f8oWM72e3oJ/q/7OY34Qmk2w0KQXN9kbdVJtXzSATDSdwoIgbmwpsAJ2UdwVJrgL80EgaPmmSC00oxtOmgUyCPib8wqhRhzWmlB7je4VjSLppTc4ciAiszh1U492qbo2u5GvdAYWjzUVW7mlyUjerkq5NgoK3lV0nzKZCioAbqQaCm0WpgIqIjCi5gvn9VaEnDqiKS2lr4U4syg29ng2PZUEbKeDtmwjzeB9VvjvpzlcepwnJw5Y33ld1JSSpfoH86JCdIRQE0J0ojyf7Q/wD8fi/+qfyXhxdL3H7QiPwmG3zkcfsvEcgvj9Z/Fr9n9Fn/ACk/e/8AkqQi9kLyvraJCdJGggEihLkgRS5Jne1HmoIEWVBzd9laR0USKRVsWzFnmFutWA0KUHoKhzUuSVb7KZ3GyilzTpR5FSVRMcqVLxRVvIWq37lSrFdb+a1Qzzxtpkz2jyvZZ6VoOyQrQziU0fxNjd66aP2pW/0qx/8AawH5ODv/AJA/muc8KNK7TUdP8Xh/+QP/AOY/mhcxCbNP1Ii1G017H5faQK8Dx2TvOL5Txy119BX6L3hNC186y3GTIkf1e8n7rnm+j9Pm87QBslRPJWw48krS5hGxqitEOOY22/msafU2yAEcwrGbAqclklV8kU6B5pGPZMHdMnZQVgVyVg1DmFFvNW80FdsO+wKqNmQkH6qcjReyr0kIsSJPUfRKz0P1S1EJavNRUi49QqpSHDZGkj4XUgmgS4AqCtrPVMxlGx6EKXICjzUUmsrmnW6lbuqL8wqiBQpUEaUFbtlLEDnZcWhpcQ8Hb3UXg+ScUroJWvYSC0qzz3TLdxuvLv0ilNzQCQOSVL78r+a3cuqjSKUqSpU2SYTpNEeN/aEb/BN/xn8l4wr137QZR+JxI+oY4/U/5LyK+L1d3y1+4+jzXR4f7/8AkuiidlJIi1530za5Qk2T5FS580EAyxZUCdyFf0VIjJebQLetjt6pb1yv2Vrm+GlTuECJ3tImzaZtRIrmoA9EFL2KCiwiAlSkgbIIoTCEBZqlEhSSRSpTby2Ua9UCwgHKJCkSkoEhToeaER+nAUKIUrXufldq8x/d4kz/AOFhP2Xz8Dl7L23HJO74Tkm+bdP1NLxfX2XPN9f6dPtyrZhEhhI81dI6wqMT+zdXmrnLMe+s5G6g5qvI3UXN2UVQUKZao6SooYN1aAkxtHdTAQZ5Buok7KyUbqAbaihjAeajI0DkrRsFU7moI93arcxzeS0NUX7FFZ9+oQSHVfRWOqlX1UUwB0cnTuXNKkrI5IG404CuiYonYpavMbotpRA7WOm3mq5fCxzj0FpvB2Ad1UJz/Uyf4Sg9Med+e6SlWwHkKSX3sfEfzbm/iZfvSQmhVzKk0IPJB827bT99x57b2iYG/r+q4PMLVxaf8TxTKmvZ0hpZBsvh8uXqztf0Po+P9Pp8MPiQwU0gOqa5vSVbp8k0iikmEigFBLoqHtoq8KMgsIM9KDjZU3GlDqohITQikkpIpBHdLdWmmjZVkbIFfmhNJFNCVIQP3SIT+SEEfohSr0Qoj9M2mo2mve/J7cntRJp4aG/xyNH6/ovLDmV6PtU7+ox2echP2XnhuuOfl9zoJrh224W0bv8AF+ik/wCJLEH9Upyeaez1+6CCE0KKgWrDmSZP4iPFxe6Y6Rjnd7JZ0gEA0Op3XRK4valmbHw78Zw2QMyMYk2Wg20ijz+R+Sl8Lj5U8V/7B4eM6CedxjewSskfqbLbgCSDyPP4aXZbPC7FGV3jRAWaw9xoV5rzXbl74ezEMUri6R72BxPMkCz91b2bxmS8N4acpz3RDG1xxud4A4ONkjrsW8/JY3303rs7utkjQ+N7XtO4c02D81GwF57tPnN4HxLAyYYmtZKXidjBWseH7hduOVk8LJojbJGhzT5gps0tc9Qu1AqO6C8OAVT3WVEqKgCkE0AWUUwLU2NsoAUgiB7QeirdGrUBUUd3W5UJI9YLP4tvqtEjgBXVVwOvKhHTvG/mg9E6tRrlaimkvux/Mbd3YQhNUJZOMZAxOF5M/VkZI962Wxeb7eZHc8F7sGjM8N+XNc+TL04Wu/ScX6vPhh82PnPPc8ypDkkQnyXw39G0E0JkIpIKaRQKrcBdWea6LzDw574cdveZAOl8sjQQ2ujQfzK5q7XEvwknDMfKib/1iV1SEn+EUf0XPO943hPKWRg/i+DMz2RRxytcdYjFBzfOvNc6HBfNE6UvjiibtrkNAnyC9RKfwnZhm2/dDb33/VcTjUc7n989rvwxP9TYoURdALlx522x25OOSS/0cjOwp8VrHyBjo37NfG8OafmFjXtWYMTuymmfbwOlB8juR9qXigV04+T1bnw5cnH6NX5NCAhdHMUmAgboJ2VRFx32QkmoqNIpNCG0UJ0ikAgc0qTCAQpX6IQfpS0wVFML6D8jtwe1Drdjt8rK4gBG9FdXtC7VnNb/AAMH3XPaLXnz8v0PRzXBi14wqIJuUY92geSmj0K+qFIpKKSw8VuU4mG3nkTt1/4GeJ35AfNdABZIm99xqV3MY8IYPRztz9g36pVjx/7Tcod9h4YO4aZHD32H5FdTP4XG7sphxyeF+MyORp9drC8zn32g7cGFp1RunEY9GM5/YE/NfQuMxiWCHEbt38zGezQdTvsCucm7a341Hjf2k7uwSf8Aif8A1Xf4NvwfCr/yGfkvP/tNLG5ODA028Me9w8gSAP8A4leu4diOg4diROFOZCwH3oKSfdV32isgo0LWYkjCVrTO2MsPRAjK2iCkzEAnpNsYjUtFLRp9Ei1NG2c2hXmNLu/JNCklRJV5hJUfwzidlNU2yPNuKMf/AL1Cf+I381cYCCSeQVWT/UY0krdnMFg+qaXb0hSpS1B4DxVOAcK8ikvuS7m38yzxuGVxvsSaEKsheE/aHkasvFxgfgaXn5r3a+Vdp8r8VxzKkBsNdob7BeXq8tcevl9n6FxevqvV/LHLTCQKa+U/anSkFEKQRUSKUSVY4WFUUDC6MzC9uDijbU2/m538qXMZbnBo5k0Au7hxibtLHGN2wnSP/aK/Rc87p045t1O1kgiwIYW7a30B6Af7LiZc8svDMKF5vSXBvtYAW/thLry4IhyYwn5k/wCSxth7ziPDsccgxhPz8R/NcOKfZLf3ejmu87J+zsdpHHG4B3TTWoNjHt/sF4St167tvN/V48IPMlxH2C8j1W+mn2b+XPqr9+vhJJCF3ec0ii0KoSKQhQCWyaFQkIQop0kRW6RdSjZKCVjzQo0hB+lkwkFCZ/dwveOjSV9Gvx+M3dPM8RJmzppDy1UPYbKkD0V7GFxJkJJPNN0YA2Xns33fqcMfTjMfgM+FSUWqXVFCSaCpVILzWN2j4fi4HETLktZxAPle+F4LXagSGtF86AaNl6VeU7Udj38XzXZuFNFHM5o1skBAcRtdj09FnLeuzWOvdyv2Z4nf8Tys5+5iZpBP8Tuf2te6A7/jNAWzFisn++/p8gP+ZYOxXBpuD8IMWU0NyJJXPeAQaHIbj0F/NcfjPaXL7O8T4hiSYrJBkEzRTBxB3bTSfOqr5KT7ce7V73s42S3/AKQ9vRH8ULZg0/4Gc/rR+q+mPbZJK8J+zDBL5cziUgsNAiYT1J3d+n1XvimE7bTP4UlgS0q7Ta85x3tXi8Of+FwW/jM1x0iOPdrT6nqfQLVsjMm3bcACGkgE8hfNIsXmuC8D4vl8Ti4zx3KfFKwkxYzK8I5URyArpz816zSk7rezP3do7tX6QmGq6TbOIgeikIgrqpRc6k1E2Whrdys+TKGtpvMqUkiytBkl35DdZrUT7slgCw8bAjwNJ5yOr6brrhi4XaOW8mKAco22fcqZdos713eEy99wzGd1DNP02Wtc3smDPgSxN5xSfY/7LtnEf0/JfS4OSXjm34b6n0nJj1efpna3f9+7MhaRhyJ/gpF29ePy8P8Ahub+Vzs6YY2HNM7kxhd9l8dkcZJHPduXEk/NfT+3j3YXAnsJozuDB+q+YUvB1mctkj9R9A6fLj4888p3t1/YgKTtFWouP7oXifoE2qQUWqaKFS9XhUyoNPBGCTiuMHUafqAJ5kbgfVd/s5w7Lx+JTz5kJYdGxNEEk+i8kHuje17HFrmmwR0K9fg9q8V0bW5kcjH1TnNFglefnmevtenp8uPf3XTm8ef+I41IxpNgiMe61cJAyO00j2/BFqr2HhH6LjR5X/aIy3t1f1veEee9r2fCuGYmM52Vhvc5s7RWo3tz2WOS/p4Sf0b45+pyWz5ea7YPD+JaB/4cYH13XnSunxqbv+JZTwbBkIB9BsPyXMfsu3FNYSPPzZbztJF2aWjh+BlcQm7vFjLje7uQb7leohw+GdnYxPmPE+XXhaP0HT3KZ8sx7eacfFcu/iPOzcIzYOHjNlhLIiQKPxe9eSwWutxjjeVxM6Xnu4Ryjadvn5rkrWFy19yckx39potJIlaYSSKjaRKbXRkpElRv6IpQ0BuVMBIbJjqgLQmBt/mhVH6UpYeNSGPDLQaLzpC6YFc1wu0Ml5EUYPwtJ+q9tz7Pi8PQXHOZW+GGIUw8/dJzzdAbBS+GMBQHJc31UgQSaTSYpgIF1RSE1AqTaEJhUWA1yWDi/BeHcZa0cQg1uYCGSNcWubfkf5rcApUACXEADmTyCWb8jHwbhcHB8BuHilxjDi63VZJ80+KcUwuFY5nz52xt6N5ucfIDqvP8X7YF854f2dhOZlu8IlAtrT5jz9+ShwrsbJPkjP7S5DsvIO/c6raPc9fYbLHq9sWte9Y38S452ukdBwqN2Fw0GnzO2Lh5X19h816TgPZzA4LHcLO8yD8U7x4j7eQXWjiZEwMja1jG7BrRQClsrMfely+CKiUyktshImkOdQVRJJ5lZDc9UOcSVJxVbiBdlSrFMz9IpX4kWltnmVmjBmlHla6bG0FItDW9T7rxmbP+JzJpb2c7b2XquMT/AIXhkzwac4aG+5Xjm7BZ5L7NYfL1XYGbRxOaE/DLFdeoP+690Q0H4V807Kz9xxzEddBztB+YX0x7t1rjvZy5cJbuwtvIKVt5Uo2gUujn6Z8Pmv7XMkficHEaeTHSEe+w/Ir55S9N+0XL/Fdq8loNtha2MfIWfuV5tcMr3d8JJjqInYKsc1a/kqwstphTUGm1MIGFTJvau6LPK6kFLlJgUbu1NqgsGy24nFM7Dbpx8l4Z/Adx9CsQVuLjzZcwhx2F7z0HT3Uy1Z3axtl7KZCXOJO5J6LscM7NunYMniTu4g56SacR6+S6MWFgdn4RkcQc2bKI8DBv9B+q8/xnjOVxN9POiEfDE3l8/NcfVln2w8fLt6MePvn3vw6nEO0WPhxfhOCxta1u3eVsPbz9yvNvlfM8ySvc97ubnGyVVW6drphx44eHPPkyz8pOcoEoJUSVtg7StJFKKL8kIQoopMI2RaqDmn5AJBMfEAiJ6ghRuPqd+qFR+mhbivL8bkvikg/hAH2XqmheL4g/XxHIcDf9YQPkvTXnxTZJq2KkVKGAhtuHuoH4iFGkmK0KtvNWhURcl6Juu0igAptCi0rjdps7i+KzHg4Nh97LkEtMtX3denL5lS3XdZNt3GeN4HBIQ/Olp7hbIm7vf7Dy9V5cRcd7aO1yk8O4QTbW1vIP/t+S6HBexzGT/j+Py/jc1x1aHG2N9/P8l6u6AA2AFADos6uXldyeGHhHBsHg8HdYMIbY8Ujt3P8AcreoveI43PIJDQTQ5lc+L8ZxRrJnPdhYbmhzGxuBlkvcEnk0egv3W/HZnz3dIjZRK4eHxcwdo5OB5GT35EIfFI5oDr6tNbHbfkFvn4vgQTOimymNcw0/nTD5E8h803F1Y2ab5pGgkyVksYkie17HC2uabB+ag4ptEXG1W5yHOVT3LO10HuVEr/DSbinFHrkF8llpfhRaRZW1oVcbaFK1rd9luRivPdrcg3j4wPQvd+Q/VcBvNbOMT/ieJzvuwHaR7DZZBsuGV3XbGajThyGDJilB3Y8O+hX1t1EAjqvj7Ta+pcImM/CsSUmy6Jt+9UVvj8scs7NikCACTyCQshUcSl/DcNypjtoic76BdXF8I45kHJ4zmzn9+d5+VrEEnuL3FxO5NptXnegP5KoKx/JVoJtUwq2HdWBA3clklNlaXmgsjzuoAbKTT5KuzYXa7O/0a2SWXiRNxgGNhFh3n7nkpldTbWM9V0lwfgWVxGpHf1WP/G4fF7BdXK4rg8Hhdi8JY183J0l2AfU9T9lzeM9oZ824Mf8AqMbkGjm4ev8AJcQLj6Ms++fj4dryY8fbDz8rcmaTIldLO9z5Hc3OKzuBc4NYC5x2AG5Kscdt1uzMhnDpHQcPiMb9IvIc63uBAO23hFFdbddo5ServXIOxoiikSvT8Ggl43gZbc2TW4UyKRzQS08+fPyXFPDhCxz86YwtDyxrWt1OcRzoWNvVYnJN2Vu8V1LPFYSVG1uOFBJ/3fOica+GVpjN+XUfdYpo5IJXRStLXtNEFamUrFxsCEgU1QJ0hCqHSXWkX+SSIeyYAvmkgbWfRFVl1koUbQoP1FqLGEnoLXh2HXLrPNzrXsc5/d4c7/Jh/JeOgHiC9VefF0GSOLTaq5m1c0eBUdVVTYrugVLOavaNggiR4iVWTurXClUUADSuYbVCkx9IL7StQL7CjqTYtDhyPLquH2Wys94ysTNjjYzBc3Hi0A+KhzJPppXWtctmQYOF8Szr/eleD/h8I/JZvys8PCR5Ts7tvPnRE/1ckkjCPJoOn8gvoTsrB4Bw/GjypBEx5DLIJ1vO5J9zZJXz7sLjd5kTSnfU6OBt/wB52o/8rCvQ9tf+u9oOCcNG9ya3D3I/QFc8bqbdMpu6dfiLsPgc2NmQtZBDPMIp2Rimu1A06uVggb+VrqSH1Xi/2pZNMwcVvm6Qj7D9V6Pgr5JOB4LpyTIYG3fstb76Z1220uJKrduplAbaqItYXFbIItItKGJawygrIlqAbSWRKIMWaY/uMLvsrK2XM7Ryd3wwsHOV4b8hv+it7RPLyNkkk8zunSbmb2EwvO7ExfSex0ne8Bibe8bnN+9/qvnAC9v2Am/6rlQX8Lw4D3H+S1he7OfePVcguH23n/D9leIPui6PQPma/VdwkUvH/tRn7vsyIr/tZmj6b/ou2V7OM8vkITAQEwuDuTuSpKvdyWcndBJp8SuHJZ7oq8HZBCQ7LM7mrpXLPe6gY5qxu4VVWVe2g0DogjzTUSaUS5A3ldTKy4J+zrCYWDKEjYnSVuWtG2/tS47itWUO74ZhsHOQvlP10j/4lc85vTpx2zb1nZaMQcEY923eOdIfy/ReX4zI6fLhYOfdih6uJd/9gvWSNOL2fbEz4+5Ebf8AE7Yfcry8QGR2lYG7tbNt7N5fkvNx3eeWT18s1hjihx/hsPDZIWRSOeXtJcHdKV/EuGl/BsXMbvKyId4D1b0Py2UO0zzPxfuwbLWtaPc/7rucZLcfg0rRyawMH2C1c7Jj8pMMbcvh4kKQQE6XqeMV6IpMBFIhJdVOtlEoElJtGfVNRlPgA9UWK7QkhRp+m+NuDeE5B6kV915LHHiXqO0jtPC3AfvPaF5zBj7yQ2aAXq93mnhsHwqg81reKaVlPNUDFpb8KzN5rWB4UFUnNVkIyposaGSedwZFG0uc7yAXkm9uY3l0o4VlnDBrvwLr36fK1LlJ5WS16ukUoYmRFl4sWTA4uimaHMJFWPYqwhQJJCkAgqyJhj48s7/hiY559gLXne0T3YHYQMeSJJI2Md/idu79V2eOujbwyRsz2xxyubG9zjQDXOANn2tea/ahmRnDwMWJ7XNkc6U6TYoCh+Z+izle1axR/Z1iEtgeR4bknPvsxv5vWzDA4l+0bLm5x8Ph0N/xVp/+zvoul2MxXYfDd2HWyGNpb1vTrI+r1zv2fQS6OKZ2UxzJZ8g3qFHayfuVJO0at72vNdvp/wAZ2p/DMNiIMiA9Tuf/AJfZfRY4xDFHE3kxoaPkF8x4TfFu3DZHbtdlOlPs23foAvqXNTHvbTLtJEA0kq5kaGNWiJq6SOe1kTAArKvZIbKQcBuVtlBw3XnO1UtSY8QPIFxXoi/U4rxnH5++4tNv4Y6YPlz+9rGd7NY+WZu4SczdRY6lcNwuLqqXouxOT3PGO6PwzRlvzG4/Irz721utvBpvw/FMWW6qUX7Wk7VL3j6cQS5eD/a7NWJw+Dze530H+a+igNC+VftemvieFFfwxF1e5XXO9nHCfc8F5IulEOQSuTsHG1QfiVhduoP5qBDd4VznUFSz4rKHuQQlcqdS6nCeEy8Ve8h4jhZ8TyL+QW5vZvEnc6PD4pC+YfuEj9CueXLjLp1x4sspuOA3c0riaCsiwp6e6OJ8jWEhz42ktHzWeR1bLcsrnZZ5IuUSVHUlaJASV0cphm4vi4Y5RiKH8r+5KwY5Z+Ij7w0zUNR9LXq8Pgk8fHBnyPjfCXukaWnzBr81y5M5j5d+LC5eHS4u8MbBezWyd4fZgLv0C8t2Vb3nE3Su3LWE/Mrt9pJi9xx495DjPcAOZ3AP2BXnOD8RHDXyuMWsvaAN6ohcOLG3C6enlsnJNrWXmdpR1Bn+w/2XZ7XPEfD4ohzkkv5AfzIXM7Jwun4s6U/uMLifU7fqru2cl5sEV7Mjv6n/ACWrP9THH4Zl1xZZfLz4CkAkFIL1PESaEKgQ4WLQnWyIrOyUnwt9lIj7pO3/ACUaZ6Qp1/qkKLt+jO1T6w4W/wAUl/QLh4hLbI811e1TjpxWHzcfyXLw22vV7vPPDWX6mqohTIrZJURYLcFrHwrMweJaOTbQcHto2R/ZvObFZIaCa8rFq3swYH9m8AQaTH3DQ8DlqrxX87XQeGvDmPAc1wotI2IXmW9msvh+aJeB8Tfj4zpA6TGkstq96P8Ar3WMpd7almtL8jhkPFOOZONlPlZDiY0Yx44pCwM1XbhXUVSrjn7S4GK+bLjxJ8fFsOBvvZo2/v2DV0tvGhJh5cHGMdrniAGPKjHN8R6j1ad1kzuNf03G/h3AAZjKNE2WWkRwtPPnzNdFL2andqzu0XDMDIx4sqZzBkRCVj9JI0nldLqY08GVCJcWaOaM8nRuDh9l8/4rk4OL2wc3OxZMvBwsZmOWNbekaRufmSujnP4Zwzspk8R7OulhGZIxgNkFpBPK+XVT10uMewysOLPxJsXIFxTMLXel9V8rm7K8UxOJ42Nl48joHzBgmZ4mUT5jl817Tgs3anHmxG58EeXiT6bmBp8YIuzX8vmto7V8JObNiSZQhlikLD3oppINbHkl1l5JvHwhx7ix7OZX4p+O6bCynAPLNjE8CvoQPssHFO3HCjwqZ2HJI/JewtZGWEEE9SeS9BmY2NxXBfjz1Ljyjm037EFeG4n+zzIjk1cPzGSRk/DMNLh8xsfsmXqngmvdl/ZrjGTi2TkkX3cNA+rj/kvpLWLi9k+At4HhOY+QSTyu1SOA2HkAu8DurhNRMrugClcz0CraNRWljdIXSMAihuqpXgclKR9LG51lLRfr0Mc8nZoJK8LLckj5DuXOLj816zik3dcNnd106R89v1Xl2iwuedbxVAUrGOpMsvoolpC5tL61N25qtpLSPMJMJGwO6k5tOI5oPrONJ32NDKDYfG131Fr5B+1efV2oEf8ABA0fWyvqvZ57ncFwif8AyWj6bL47+0qQv7YZl/uhjf8AlC3lftc8fyebad91Im1WLVjVzdFZNFJ3JN43tQceiKWqlB71F3NQJRHquE65uyWVHib5GpwcBzPL9F5eMlj7Fhw+oV3DuI5PDZu8xngX8TTuHD1XQ4jxuLiGL3ZwY4pi4EytPP7fquMmWOdsnau9yxywkt1Y28S4jl8PZw5uDIY8fuGvAaNnus3fmg8T4Xn5rcb+i2NjndRkBp4ceoWTBlj4jw/+jZ5GxzREvx5HmgR1aUMdgcF1SMmZmZ1UzR/Zxnz9Sufpk7Wd2/Vb3l7LcPs43Ibk68nu3QzGNpI2IHUrFxPgWXgBr3OZIxzgxpYdyT6fJd3DONH2baeJPeGZDiXuHMkn/Jc2PGxxxXBhws1+RA54focb0V/o9FMc893dby48NTUcSeCXHdonifG7ye0grtcL7Sy4eMzHnh71jNmuDqIHku7xfNzcfJc08MGXhaQbqyD18/yXG4bw/B4hj5ublMdDEJCW6HVoaBZ/MJ+pM8d5zsn6dwy+y93O4txI5vERlQF8ehoDL5iv8yV3eGjhnGIQZYIRPXjb8JvzHouPncLxIsZ+Rh8Qjma2v6s1q5/66KA4HxHuWTRwF7XNDhoIv6K2YXGSXSS5zK2zb2+BgY+EwsxohGDu7zPuSvE9oclmXxaeSNwcwHS0g7GlRNkZ8AME0uQwEbse4jZY/Za4uL05eq3ac3N6sfTJpJMckkWvQ8ySEgShENHRJHJFM7b+QtURydCrwLY/YHZZHsLSo1NL9KFn7x/mhD0v0L2p3yYG+TCfusGGdLd+pWztO6+Itb/DGFix+QXp93nnhrebFqu1I8lBUWMHVTkdTdyqGv0olk1H0QK901l4hknE4dlZQALoYnPAPIkDZeb4X29wMimcRhkxZOWtvjYf1H3WblIsxtevPruD0SjYyJgjiY1jBya0UB8lXiZWNmxd7iTxzM/iY66Vqu0cbhXBpcLj3E+Iyyskbl/AAN278j9lye3sTfwvC+G47GxjIyqDWChZ9Pdy9farlghnLDPEyQxuDmFzQdLhyI8lm49tNzLvtyOD8K4hwbNf3nFn5XDWsNRyjxNPT5V/svD8DzuGiHLl45wuWeLJm1DLa2ww9Rfz8/kvpubC7Jw8iCN4Y+SJzGvIvSSCLXjcBnaDstiuxXcNh4hg6i490STvz9fqFjKaaxu1nGZH8Pw+B4PZuaSL8XI6SMk7kGqu+ni+y7HBszj5zXYXHMFjWtYXDJYdnURt5Hn6Lg9pI8binajheDkTfgYG4oJNgd0SCQPLyC9TwLA4hgxSxZ/ETnM1DuZHc9Ndb/mUx8l8OkOVKTW2it6WiJlDddY5pQsoWlK/TsnJJpFWsM83NW3SSHLIqmmyqO8JO6tZuVjbWmPtA4jDjYP332fYD/ZcSEfurq8ddqlhZ5NJXMALXAhZvlYmWqDgtDm+G1nkKyqLBcgCmd3E+qjji3OKmEV9M7PA/wBB4Nf+WF8V7eEv7XcSJ6SAfYL7fwEaeC4Q/wCC0/ZfDe2B1dqOJn/jlXLxGMfyrigbFFqZFAqsrDoTuSpcd1Y4qp/NEQKiUyolQK0wQF3eCcEx+IYDpZnPa/WQ0tPQAKGX2ZyY3f8AV5Y5h5E6XfRc7y4TLVdpw53H1SOGd0qWjIwsnGJ7+B7AOpGyoBW5ZfDFlnltyeKT5HD4cJ4YI4iCCBuaFb/VaOzM8GPxaOXKkEbGtdRPmRX6rlopZuM1Yszu5a7OXx/Nbl5PcTkwue4NaQCA29q+S62E6PA7MRyTwOmbIbewdQ4/yXkSF1cHtDnYkTIgWSRsFBr28guefF9usXbj5vu3kWeeGZfct4bC+OZ8gaWn1XrM/FzJBDHwzLjhkjG7HfvDkPyK8u7jMGTnYk8+GyLuZNb3RAEv8v8AVrsZLOEccyGzx8SdBkBoa3VtVeh9/Ncs5e2//wBdcMp31f8A04PH8jNmzBHxAs72FujwcvNc1aM9ro8yZjpu+c15aZCb1V1WZerGaxjyZ3eVNNJNaYNCSaASJTBUT1QXQ7sO3VPudSMc7gei1FunHlf5NQcgjfZqFc0eEeyE01t937Ruvijr6MCy4/RW9oHauKzegA+yrxRVL0vO0nkq3HorTuqHc1REpJlQmMggkMI1ShhLB5mtllVXE8R2fwzJxGSCN00ZYHkWAvmPE+yvF+HWX43fRD/xIPEPpzHzC+kxcUha4R5DnMfdW5hbfka6LoRSMe0OY9rh0IKzcZk1LY+UcEgjccYY+RLBnOfJbopNDmta0n23I6r0OJ2j41hO05MUfEoQT/WMpj6DnNB8t9J+y9NxTgHDOKHVk4zWzdJovA/6jn87XCzezPEceB0eBkx5cNf2czQ2T4g4jX168/MrPps8N+rG+XX4d2m4XnP7rvjjZA2MGQNDgfyK7HQHp5r5Fxbv4scwZ+HJFlHIc7XKzcMNUA73td3AZxTAkrhebLFEdOmDIuRrrrmK8O5H86SZ33S4fD6CELx+N22GO+OLjeGYHvaHCSFwe2j5i7H5r0+BxHD4hH3mFkxTNP8AA7ce45hbmUrFxsQ4pwbh3Fo9OdjMkeBTZAKePYqvgfCouDYr8eCaWSMvLm94b0+gW97wqtaupvZu602RAEqckrWCgVg75w5KBe53Mq7TS+Wa1leS4qXumALWVJkV79FYwUUnvDW0EmHkoOVxY6s1w/haB+qyUCrc2TXmTH+9X02/RUhyzWknv0Qhv7x5LI8qwu1OJ6DYKpyguxx4SVPkEQ/2Z9kO5bIPqXDWiPhuI0A7Qs/IL4X2rr/pJxH/ANdy+8w+CGJl3TAPsvg3bEaO0/EW/wDGJ+q1l4jGHmuSVW7ZTJ8lBxXN1VuVLtiriq5GnmiKXKNpkrZjxYs+M1pkbHOLJLrs7/Tks26axm2/gvHY8HHbjTQuLASdbTvv6Lruz8TOo4+RH3gY7QHbEOI2O68vkcNnistLJGgWSxw2WNzHNALgRYsEjmuN4sM7uO+PLnhNXw99E7I78MkIMdE2Rz6D8r+ax5WHw2Z8hnxWsA1EPi2Jqr2Hv6ry+LxDMxP7HIeB/CTY+hXSx+0Is/jMOKS+bmCiVyvDlLuOs58Mu1aJ+zcUhP4PMF1YZIP1C5eVwXiOMTrx3OaP3o/EF28fO4bks0MyXwOLNIEu1chYPK6H3XXL5Y8aE41HSbfpOqwASfqU/Uzx8r+lx5+Hz42DTgQfIoXuZGwZrH/jMSJ4jbbnEU7bY18wVhk7M4s8QkxpZIdQsNfTvyXSc893O9Pl/wBryhQFv4twqbhboxNJG8SXpLT5ei567Y5SzcefLG43VNJNAVZNCEIGhCEUKPOkyp4sfe5MTP4nBUTg/tTW45D2W7LGnh0h6mgsUTDFkujPNriFv4p4eHRj+J4Cvsnu5Y5DdCgXC+QQoPuXGxq4pkb8nUo4/OlZxev6UyC02C+wUsRupxXpjiuogE9FQ47rTO7SygsZO6tDJSukrNoWVNzWSCntB91lfgBsAZiyOiLZBI2zdENoDzr3WpBJrwi/S6QZIJ82F5Zlxa42xl/fAjeuhqt+XQdVdi58OSCWOLXAkFj9iD+vI8lRFlTxvDctrWh8xjZ0NGyPfy2SMOFnPLgwtlifzAqi1xF+R3BUVtmjhyYjHPHHLGej2hwK8/xHsfhZDXnAnmwXO5tY4mMn26chyXS/D5WHjtZhFstSAlshoaaF/kT81Jme5kUbsqF0bnyFmkWfYpdXystnh4TtF2c4rG2J4w45IYY9GvGLnEiybIJJ6+y8zG+WCUGJz4pR1aSCF9sjlZI0OjcHNI2IKx5/C8DPIdlYkb3g2H1TvqN1zvH8NTP5bXAtABJJG1lQTe4k2VFdGD5oJDQoOdSpeS5FWulUDMRyVRaUlNqn3pN2r4n6iCsp8lpjGlpPkLUHCedUkjv4nud9SSl0KAKaPZB5KCDBsSeVqB5q0bRD1VRHiUGllCJSYNUjB5uAURswbK/CAdmQDzkb+ao+nGUHR6AWvif7RoDH2tyyG0H6XfZfZwQHbNIC+W/tVZGePREbPdCLWs52c8PLwpNBVk2iV2klqiwWuTsdWmRtSkAlJsgxyinKCnIbKgoJxzSx2GSOAIoi1piz3Ni7qSNsjQKF9Nq/zWOloxJoYpQ6WLW3YEcxzH6LNks8NY2z3WEYU+SdJdBEW9d91I8MlNGNzHMc4BpJqyVWGQzSY416TISJK5M32+yGR5DHkY7nu0hp8PrvyWfHit+fMUSRujcWvaQRzBUocnIx3B0Er4z/AHXUrsfMkgD9cbZBI0CnjlQoEK3vcLIyXl8fcxuZTQ3anWP0tXd94zqe1aMftFltGnKjjyG1VkU6vcLsYvaPCcxrZBJCRt4gXD681512C1zHyQZEbmNBO5o1ZH6LOcecMbJ3T9LhYIF7LnePjydZycmLp9qcuLKzIe5kbIxsd202LJP8guMFJzHMJDmkEdCKUV0wxmOOo5Z5XLLdMJoQtMhCEIAIQhAjyWvg4vOaTyaCVkpbuD+AzSeQDR8/9lZ5PZZxCPu+JkgbSAOV3HabjYrPM39lZxIa/wAJN7sP5j9VR2ldpkxWeTLVqTy4jn+I79UKslCy6el+g+MtDuJzFtbkclKJggj8RFldLifDA6QyROAdfI9VwMl00biJo3N9ei9nh45U5pdR5qqx5qnWHBF+Sza0vDgoiaNzywOGsGiD8v5hUaiFRPhQZU4mlDtWnSaOxHt/rkFFdHqhcYP4hgwiSdxyQH05sYvwcy6ufmPor5eIugdF3sQp2O6V4Y6yxzS0Fv8AzfZTa6dB8scd6ngEDUR1r2VHdY+TBJ+Gka3WQS5h5G9W49Sful+IxpnGJ72F2ss0P2JIo7A8+h2VX9GY7ZopYbj0EEtG4IBB/RCJwtzMdsplf34ZGdDQd3EAc9uZ38+aPxkcmM+TLh7uMP007fYC7Pl1+iqORm45LpYu9i1H4B4mi6B9dqPLr6LQ0tzMcieIaSSNJN7bhQQhxMUzR5UALSNWw2BvnY6clnl/pOCOo9MulpNneyAPnub+y2xR900NY8los07c7+qnZTQywcQhllEL7ZMXFoa4VZHl9CtDz5JkAuDy0ahyPVRdvzVECgKVJgKKikQm4gKOpQIDdXynTiyu8mH8lS0guFKzOOnh83qAPqaVHEA2SdyU1CTfb1WVNw8AHoqa8SvKqI3RF52aAtHCxq4nii//ABR+azO5BbeBtvi+L/6gKD6DJII2ucTTW7uJ6BfDu2HFzxbj+RkN/s2nRH7BfR/2gcYODw1uNGakyLBPk3qvkeW6N9keFw5eqvJfZMJ7sbmOfISVaG0NlS3JaDpcNJ9VPv2+a5uiyq5qmZ/RRknvkVQ51lQI87SQhAIWiHGbNG0smaJCa0O2UJMaZhAcw+I0CNwSpueGvTfKzFxDklzWSMBFVZ5qTW5WD/WscGgkUQQb2sLI5paacCD6q5mRIDGS4uEZ1BpUstWWRZ+L72WI5DQWRt0gNH6Kd4mRlgae6h0Vzogp/i4ZYy2eAa68L2Ac/byVE+l8rnxNDW9ACsyf001b/XaWXEMaYtjLw0tHM77jlY5qUGfPCAGEEAUNQ5Cq/IlZwS0UCQDzCRC1rt3Y9XfcdEZ2PkNAzIvED8Q8q/nf1XOfo713d3os6b8kqTASYyeC5W+QEJoWmQjqhCgLRzSKSKfTdbsAAQHnZf8AZYhyW/DbUQViN+gz4/djmHNc36/yJXN7TP1ZzW9GtpdrFaIqc7n0XA44QctxtW+DHy5nyQhCy7P1nkxeS5WTjteCHAFZG53EMZ2lj2zxj915uvnzV8XGMWWhktOO/l4t2n2K9eNs8vBZXIy+FtBJYKXNkxpIzuDS9g6NkjdUbmvaeRabCxz4gPRaslWV5WyOYRqXXyMEWfD9Fglw3N+FYuNa2oDqVc0UU7SJGblrm6hzANX+Q+ik5rmndRtRWbLwnvlkmg0PdKCHNea03p3Bo8tH3Q3iGRjgDKDXGnuk1DRpo8mnkbBsey136pmRgAEpbRO2rlaml2qxOKNlDBM3uXOZrsupvxFoFnrstha1ztZHi8+qw5GDDkRt0ExuZuwtJA5k9Pc/VVY8WTh5jzLJI/GLRpq3BuwFVe1EE7Dqp3NR1fZJc2PiRGgTsouDnO7s33YBA8QPqRytbIMmDIvupWPINEA77KmqtSKfugjbmgSRdtsgpHdQQdulSnSKRSjb4gVLihrBDf43tH6/ohnPkquMOuGAf8S/+U/zQc0qtw1A/ZScenmgmqCyIg9DzSdzQd0rshBY48l1OzQH9MQEiw3Ua+S5Lj4gu72QYX8VLh+5Ef0VkRD9oOFJnMiniG8YNA9QvkuWJI5S14IIPVfobMhgyh3bo9W2xXkeK9jsLIa53J3QLWWFvhMcvZ8h1Ryt0TbO/dcs0jZIjRBroV7Ti3YTLie44bg+v3V5nJxM7h5LMiF7f8Q2XG42O2OUc4OcmHq/XG/42aT5hQMIP9m4H0WW9xEPUg5VPjcw7iktRCHpl8L1YyeRoaA4kMNtB3AKyh5Uw+08s6sb4stunROzU0X0voB15cuaYgxXgls2nyB39lhDleIJXRiRrNTSCbHSlmyRrd95tZPiSwudTS9g/fHl5+ioU2yyxgsDnAEUWlXjLY5gbNC14AAG/Kq/l91e8TUv9GVC1Mhx53nupO7FbNd03P6V9VRNG6GTQ6iatWVLjZ3QQhCrITSQgaEkIGlSEc0El2MGLwNPouONyB1XebtjU0bnYfNWIeVNoxu+b8Oqh7Ly+XOZ53PPU7L0nFdMfDtFj4aC8qVMq3xxJCXzQo6afpAFzXPcwgF/VpoALJI0PeRpJIvfna3usht6RoFmm2Cszhu9xb4nG22K/L/Wy9rxRz3OkxX3AZInXWoOI39ltj41kxFrMuJs395g0n+SpmgGmweRsl3VZ5Gk2HiyBVDe1B2oc/BzNo5QyQ/+HJ4T/n8k5sT0Xm5YmuJL23QvTXT5K2DKycPQIMlwb1jl3bXt0+SbTTfPhg3bVhmwq+H6La3jsOojLgc0A13kQ1N+nP8ANbIxj5cevGlZK3+6br3HRO1N2PNview7hVvjZK3TKwOANgHofNehmxK5hYZsIb0KKzcWpXDdFPiAuxSZWkjVE87gbDbyoLZr3VkuPIzcC1nJIO4orOmjkiimrvYmvo3uFUzCjikEsPxNIIDvQO2v/wB32VmryTBQZvxOXj5UnfBxgLr1uA0tBeAKI8mnr5LdizjJxYZwKEjA6rurUNSYdQAAoeQUNrSVBx8kWhUIEph5RQQQobWREvcTSzcYNR453rWRR/wn+S1R7BYeMOJEDelOP5fzQYAa3PyUCVF71KOJ0h5LKgW47BaGY5I32V8MAatDWLUibcqdk0O4j1t9Duux2Qz8Rs2T3kvdTFgDI37F2+4Cpy54MSLXOdzs1g5uPkFzsF5nz2ZMjGxhp8LG7/XzTweX0QPFAtNNVOpxFm9zuSseNkNcKO48jYKuDnP5C63oHmuu2BMywNh5iuqw5eLj5LNMkbHtJotIWpzmXZ1CvMKt0lkdWg7781B5HiXYjh+VqdADBJf7vL6LyvEexPEMYuOMW5DWnkNnfRfVJWlrrsUeR81W6NofTnGjz8li4StzKx8PnhysV5jniewjm2RqpJjd8TdPsvtWbgQZIPewse0jk5trzXEexeDMS7HLsc/3d2lc7x32dJyT3fOTCCLY4H0UCxzeYXo+IdkeIY7RJAGzsP8ACaP0XEkjyMd2iZj2H+F7VizTcy2zB5Cvhy5Yq0PO3Q7j7qP9W74maT5tS7jV/ZvB9DsVF3GqXMZPEdcYEt7OCo1KhzHs2c0hMPUkkMu68J+6pD1YHKsWJoUQ5MFVDQhCAQhJA0DmhCCxnxt9104cjTer4W72Vy2khwI5hTldrb3TTtzcqhZuW/LcXHaMclg0En3Wh1Gms+EcvVdLgeAcicSOadLeXup5bl0qj7O5kkbXhopwBFvAQvcMxBobYddeSFr0Rn9Svosh3L3A6W7adNqrVYPLU7cbclKQWGua4nfdwdf0VYqSR7dJvmD05r1POomZpeWuO/QXR3/3VT2AF8mk0SBV/D6rZoBOnT4nE2OZCyuiJcWGvUc1FVPY/wAWlwOr0Js/5Kp/wmRwa5xAFg2RXotAiddd5pZdB1foq9D9VNa4vJ6mjaKo0uPJ1ucLqunqqzCxnjbbJtWrU11OryWl2nU1vhbQ3NVdKLoXtJeSPE6hty9lNAx+K5uOQybRlRcrcacPnyK2x8TwZy1sjzjyOHwyih9eSyGBrhVM8wBzVM8ELmABpqqvyKbsNR2ZMUabG99QsU+EHXYBXOx++xSfwsz4wOgNt+h2W+Hi8rBoz8XURzfD+Zaf5q7numr7MU2AQPCs74JI+YXoIJsPOsY07Hv6sJpw+XNKTE9KUuM9j1PO7jYpgrrS4TTdt+ixSYTgfAfqs3GtSqAUwVBzZGGntIQHeairQbTtVtPkp3aCxh2pc/jP/g+zh/8AFbhssuczvDD6OI+3+SDBjY5c8E9FvbFRNDbyVkUYYAArRt6eqaRUCOiyZfFYsa4oGibIHNt+Fnuf0WDivFJM6UY+A4xxNBEmQ0byHyH81nx4WRtoHkOdLNvw1J8mIpJ5jNkPD5D1d0Hp5BdDCJilDnBpPIkLHE54ca28iOS0wjx+EWR0UV3MeetNA3z2N2tscwG9kei5WO5zvADuRyP1WuN/gee8La6ea6SsWOhbg06QKcP3nUVGQmSg1xHQbrKx5cdTjsBXlstHhLRQdpPypVAW6oqcW7H5/wCyRaTbXV4ed7KV2zQdnDnfOkAEsbTevqqK6Ohtizz+SRNDxBocehKscCGjYDpuVWAKsjbqQpoQMTaIDtN1seR9FkzuHQTsLJ8eOVn7wI5LpNaGt7wEaSdt90PaHMOrUdQFE9E0beL4n2GwsgB2C90D+rb1NXlc/spxPEtwi75g/ejN/ZfW2NYC1z2+LqOhRI1rmkgD2pZvHK1M7Hw0maFxjkBBHNrxyUD3T+bSw+Y3C+xZ3CMXPGnIgjk9XDcfNeb4j2GxpNb8KZ0G9hrxqb/Nc7x1uZx4D8O4i43B/tzVRLmGnAgru53ZjiuESTiukaP3ot7Hn5rlF0jTpeLI5teFiyx0mW1AepB5V9QuHiYWHzbuPoonHY74JAfQ7KG4gJFIPUX40rNy015qqnDoUNStINprOHkKbZfNE9NWotIEEbFCMpB2nfmov2oA+IjdANAnn5JxRukeGtFuKo0cPw3ZUwaPh6le14biR4rGto6vbb2WHhGC3HiYb8R/Nd6NngaNQ8htzW8YxauBoAaXbeiFY1rNIuIcvNC2j2ehwYA9pcKItp2CodyBe4taRsWjceYpXG5YRECA5psiq1KJDgKDy0t2JO31XZzVAbX3oaOekc+qUoDSJI2sNgOAqx7LU0t1iMgaXC7fu2/NUuJ1fEGkmvDSKwAaXOkbs7y6WggnS5rw14APMq1zC95c1niN2Rew81F8TNJ7oHcXbhdKClzAGkaWm+eltWpP1te1sbg5o5NA5BOw5mh1WBZcFJnUaQKGzqFoqonSNO7QBu48yfL0UNTZHOJN8qoWVdLGCbDqIG+kX/oqt7Gu0kbEg7VSgizS4k6arnbuare0nnpa3zrdbBGIfC1wcSN3VsLCplogPLQaG5qrQYZsaKR4OhpeKtwNfRXRZfEMUUJDMOjZRe3vzU3M2tuoAVW1WnXh0A+yg0wcXx5AG5cTsd5/9zT8/wDJaxFFOzXC9kjf4mm1x5GWANOpvmTyKqfimOYS40jopORMbtJP8wrupp15cP0WKbAG/hr2UY+L5mMB+IYzIYDv+677fyW+HieBkOLDJ3MgNFk3ho+/I/VXtTvHHkw5GfCqfEw1I0heodjgi6FHkVRJiMcCHNBHkQpcSZOECPdVz793/jC7Q4XASa1N9AdgsnEOHjHhErpA1ocDZPQblS42NbjMAGgucQAOZPRcDiOe7iJdjYjnNxgPE8bGT29PzRxPOl4i/uYLZhjc3sZf8lARAMDjTieYrdc7WpFUEQYym01o5UtAiJokbV1UogS4ahRsb1as7s6tVF2/zU0pjQK8I35qcLXXbaJPnspwxU/UQD/EL5qxke1sOkfVXQtxbc4Oa8g9b5LRGSARbK6bVX81nja5rjYsXRrktnd6TRbW3UbrTNOB+rY2QOt9OS1V/CQRz8PkqYYjdNrfzVwcIngmMFpGw9OS1EqyyWNJB1F3itSvU2naQAPiB5eqquzR21Dr0UgKZdAAcjyCqLKAbbtGv281WG2fiaR1Cshp/iob2fdDm6hYqvfkqhOAoamirNHqFPYtcH+I14a3UDqeRqstvcX/AK2TbGTZu7G4Hkiolha0F23M8lB7CBqG4PVXBr3AtGrbkTuVIwkgam73zG1oMpY15LjtvVX+qTm7EhoobAXurxHpvYtP7voSicufTLbuL3B59atBldF3gBcSGs5A0udxHguHmF34rGjkJ/f0073sbrqtaTqofBXO0FrhEHOaSCdgpZKPCZ3YeKS3YWQ6Mn91/iH15hed4j2b4nw83PjEt56mbhfXm4+q7LQdqG9ql8Y5vIAGxI5rF441M7HxQGSM0HOb5gp950kiY77FfV+I8CwM1t5GM0vJ3cK/NedzOw7TZxpnMNWGv3H1WLx1qZx4ksx3/wAbD7WFWcQH+zkY70ul2M3s7xLDsyQFzQatu65b4nMNPYW+4WLGpkoMM8W5Ya80NkDh5LQwubyJWvCfA6RwyYWyWKBPRTS+rflzm2V6fgfCtLRLO0ajyBUcLhLZM5kjYu7hDA4AnmV6aKHSwANPotYxm1GOMUACAOfotEbajBBNXsmY3NJB1l3ryKtijMjS7TVrpGExIyh4p/8A9f8ANCs7pg2707eVUhU29Y91TF7QNIPIjmVbJGHTkukJaTqJ5Hb05KLfCSWOIAIbuP1VrWFxuQCi3Ykigf5Lq5qXTMaAXafCbJcOpVToqYdLWjqXc+f+uquc1rY2uLi4kfFp2voouY+QBwa8B7qNbj1QZu7IIJcSXfF4tvopF2nSWgXW4B3r/NWzbyUGgObQvSqXyym2lwIcNwK9uXsioO7psYDWuLgdnXbT6bqsAl1Ovet6of5qwk93psSAjnZ2Hl6qxoDxYG7yB5bddioKJWNt2m22NwCTv1UHtAAALnEN3BbVeysaxpqSjTXVd2K3VjRpFnck2B5BBmZZcQ47b8vZWFlbj4Dzo2U4w17nB4AcCKcB81J7aNBu7elbOQUua7xNiAdq6XfJQELgQHBrH0fCB12WjSOh0uqulV8kPYW6YyN+bS8IrPR00DTqulU1mqM6t/Iq6QODWtrbod+akQdbfGKbtyqz1GygySRarJNmthWxWeaBrm06OwfNt9VuaHB2rSdW+xpRkhpjXkv32IJG36qDJiNysM3h5L2Muu7duw/I8vlS6WPxrxd3m4x327yEEj6c/payiIA20c+YQ0HxBp8QIJ2q1Z2K3ZHHcGDbHjyMqToyOItv5uoLzfEf6T4xkB+a6KDHHwQROvb1PUrsSMD6cGO33utgoiBvdkFwBAvVal3SSRx28OYCWghxB/1smMRrSPCQQdyeRXX7sRkWAHE1RHJVPY9wtoc4Dm3pss6a2wCJoka8HSfNwJTMTdQ21et7lbTAw6DenVzB6IdDqJeG6W8hXRXRtidjnmwXWxCbIfAHB43d8J6LcIg2OtOp1b89kNx9J3FdLKaTaprSX3HtY3o7WrdOkgk6tz1u04w2w0nSRZoOolW6ri8PiIsEjnaukONu4ewFtmwOvl+ikYml9umDWn05KEjCwM1HcDkHWSrXvjeCGNaHA8lQPJDGsAGkE7gbqzxEtbuA0bj/AFzVbGNLbcHWBtQ6KxjNUfNoGrxDVzVDDQ14EbS9oFUP5KTrG4ur3HREZ7vS5wOitzfJSokjUzwu3q+YREXElp0jxA0B6KTmuJLpDsQPt0VrWMOkRjSavcoLSdIY3U/+E8kC+ICtvlVj1UAy6JIA9TStLTI4WLJdVch90pC0f1bwdR6UCgqLmvJdTRvz6qLmNcXAtbR6khTZ3bnnvKLQKbYr22QGxvHhiJB+Lfe/NBUQHGyWnathzCHBrCHuAFjlam5rGEOjBomq3J+qHintBYXOGxG6Cmi545C6J5puDgwhhjdrHM70VoeAzZzbBby6gqLg0EFwNN2Hr9EGZsZ0lj2m27mjsoPgDD/W7g/VaNJANgDSLdqN36IcXTSB4AaXGtAG1oMMjGvdYaA2vJY8/gmBlMLpccFxG5b5/VdvuCGlzhVHodiVEguOzA2jYI6/TZLJV28DldiA9xdjPDQb0tc77KjF7J5UWS1wjotNtL6O435dQvo4gc54L3UALOkc/e1BzWsDHaSCP3R+9/rdY/Ti+qvO4fBjEanktx3sm7K6DcMNPhA1Vt5rpyxOFksAAN0Bv6JNgc9uoOBcBdk/yWvTE25zcW3AN6eatEZhDtF04+Ic66rS6Ih7msHIk7dT6J900FxkJvkP9BNDAceI76vsULUWR2fC77oTQ9EXOaxrKNBuwIvSPP3UGeME6NdigS6tPMlSYNBa50jQLLWEGvt5KIa2N5Dm6nX8QKrKMReGNaBYJ23oAWq3Qhjg4kss20A7fMhXs8W4sXsXcqUBGbJb8I+oVFXeHS4OIa1t+MinGx+Sg1jadq0ljeZBsqUoDn6XlxAuxX3UdiQ1tt2rnz9EVnLWsdYBfZF9K91bGO9dbOY+E+ZVkPXS17oyakIbazwxhzmtAfpHjcK/1sgm0lth1h106+X0UnSeIurkACf5hRB1NdKQWsBoBvK/b2RK9s0jZLa17qFDbb1CCDmlvhskE3t5bpOLNJPeOuqrorA1weGSHS395wFkpUGNsWQ0+1eyCMT3RG2MDmu3GrkoPLi0OLiCBRa0K2W9QPMkeLfl8lMDUAW3Jq/19VBjmDAHFlhpqthupNYDZYCaAoEqwRjd1taQASK5bqTy4NA0ki/E4HkiqWtEk3xUTz1Gt0nxnZpI8JJ53frsnYAcxzi4UOnVOtTNTNwKOwoIK26apm5aeg5qt2loa0WL5jnv5BXAg7NbR0nc7fRDiIgCG3TfiI6qDPqqIBwIq7HO1ZqaIiNIY1x06dtvqphpc3U5+/Win/aAG7kJ6N+iDLpc/U5zhYdVJhgbRc4HxHYE77K3QXHdztjdeakxrO6LiXA3uA2wPdNCkRtc8kGyNyOnspwwmQuALdmklpPMe3mtMYirdxArdrTVm+arEQL2l10TttW3mroZRGQ4trYmtzdBPeMWbJ3q27LXFHpjNAuPPeqr2Vzm95NqDDYF6dgPugwRsZIW20F1WBXVJ8bonEE0CfFZWmi6Vz3Pc03vqHRRljt7i5/eN5CxXRBB0TdAd49XOk3NAeSKII6HcK+NmsSFrvEehFKtwI/s26S02D0CCYYQ4hpNAaaAq/QqYYC494NJ6bXSTy8uDrc4B3XmSm0WGOawm7oAbivNEJkTntqQU1xGmzsFbG4AutwBaOQO3+aY0yO0ssA72eg8lVRkL446D996QTlJe7+0qqpjWgKVObQLSACAaIIHqlC0h2mUl7mDazVptrUZHAFnW3VYQItbQABGndDoxrDm8iNidkNfEQ/cNt2xBU2lrXeLxVsWuP8AJBCQASO1gkmjqI2A9kmFtAs2ddg8hv0Tbok+MXp5A3ubUg22OBoOsbgXsUESA4FrTTtVjlY+v6IfodIzxuIvc1tam4FpfrJBAqnbKbJTG6iBpdsduhVFDXuOSC5ttaeiDp1UwV0oKXd6o3ua7kedKMjDbaFNJAto2NoJMa5rWs0t2q1TTRqaTQ1bHSOauMErHeHbfbVuaUfEwuN2eoLdkEDp8Db8JJJ52n3OoVZu+RCY7zSQ22GyDtV78kXTAx2ki6J5n3QQDKdqc5oYL6cj/ulrivUQ8HkC29vX81odRYS8+EbBpPL1SEbC4NlLmi9jYqqQVNZG90r27ONODuf0ASYG3oa62k0TVEKTiYnl00gPirS3kD15J6g3lEW7atjzQJ7XxzucbsG+fMf6CCxjnuZqF1Y3tWNYZAXOOkDYlx3+yi6OjrDr2oOuqQREWw3/ADQoaIv4SfWx/NCDohrqFvaJCTzrYKbCALewhh2Jrf3tCEZDS+3vY9xYzwgO5EHrSi1jmAG7DbdrPW/8kIRRIXOA0AaXbDoT0VAjkcHNDWkdXAbjyQhApmuY1wa0Oe82D1v+SpGnQQ0yhjjRNC7/AJIQihzQyImVjy8eJoa7Y+6AxugOe23uJtrh1QhBJzGvfcTgGDbY+nknITVc2ud0ahCBSxkgabA5eHqq9LoS6Mgll+Hbe0IUEmhzQ4vaBRoi9x8lIDu2uaWuc7qCdq/mhCCHdFmpwrSfXceX3UWGRmrQGu10HWLr28kIQTETHgb27qHD6clAMc2M2TTubSapCECMTCPivmTtzUO7bqjLmuDLI22N+iEIqUjTEdJA5WC7qpRtY+MtLdLiedWBZ5lCEEjFGWGi4kCuYpDHtIbYJ+XMoQqgsxyOLGPAunEIDbvVua1boQoBzafq1M25EEplxZGNOk2SSKo+SEIGRsHMHMUXNd1OyZrQ0Ol1ACiOvNCEDijaRTRpJP7w6qLgGsLXDxciUIQK43OZZe0/vDTY3VrmEkgU2vCSG7/NCEEg3wjTba3sn8kPNtAYQ9l0KbuPT/XmhCoQ0yMax7Lc07ANB1FJ7WWCGkNHNo2IQhQBZqIIeQ29nAc/dWM1sZYOojr6f5oQqIBp75zpD8W4s2pC2tJ0sJ5bdEIRCdHI9ha51NHQ7b+nmhrQAXhhG3wXdkHmhCimWtLrDKNEkN6lRLSXASXz2aG1Z6oQqIujDpG0STe4KhJGGvLaIq6Dt7KEIhkSPokABvUHlfqoO21Of06k7IQgk1uu7J5W2/PyScNZNtbZ3ItCECjiLmk8qb0Cm9rmCt2ucBtzQhBaMZtCxNfoAhCEXT//2Q=='),
  ('f31048a5-8e71-497d-9212-bba696e32083', 'bdff609d-b327-4287-9be9-8489f1ebbdc0', 'CL001', 'คอนแทคเลนส์ Monthly Bio-Infinity', 'CONTACT_LENS', 'Bausch+Lomb', 'ULTRA', 890, 350, TRUE, '2026-06-06T23:28:23.014Z', '2026-06-06T23:28:23.014Z', NULL),
  ('fb60be5c-aaae-4233-9b08-58b21c138ce7', 'bdff609d-b327-4287-9be9-8489f1ebbdc0', 'CL002', 'คอนแทคเลนส์ Daily 1-Day Acuvue Oasys', 'CONTACT_LENS', 'J&J', 'Oasys 1-Day', 1290, 520, TRUE, '2026-06-06T23:28:23.014Z', '2026-06-06T23:28:23.014Z', NULL)
ON CONFLICT DO NOTHING;

-- ── stocks ──────────────────────────────────────────
INSERT INTO "stocks" ("id", "tenant_id", "product_id", "branch_id", "quantity", "min_alert") VALUES
  ('05533639-aef9-4612-bdc0-639a7228da06', 'bdff609d-b327-4287-9be9-8489f1ebbdc0', '0e102201-f910-4101-a4bc-cd3703213a41', 'f930b698-fc56-43f8-a7d8-7dbec3c6fce7', 21, 3),
  ('07f2d5d8-8712-4574-bebf-74bc3940b803', 'bdff609d-b327-4287-9be9-8489f1ebbdc0', 'ba367d3b-086b-4358-8b65-5ab4fbe7234a', 'f930b698-fc56-43f8-a7d8-7dbec3c6fce7', 18, 3),
  ('08c10efb-7fc3-4e0d-aabd-c8758020ea24', 'bdff609d-b327-4287-9be9-8489f1ebbdc0', '0e102201-f910-4101-a4bc-cd3703213a41', 'aab3b7d9-fc86-4772-9504-bd6aac8b77a6', 11, 3),
  ('11adde47-b9e5-44f2-800e-b14410821bd5', 'bdff609d-b327-4287-9be9-8489f1ebbdc0', '25b49849-c015-4afb-83e0-81ceb7598613', 'aab3b7d9-fc86-4772-9504-bd6aac8b77a6', 7, 3),
  ('14a875a6-7db1-40a6-bfa1-d4a58c93789b', 'bdff609d-b327-4287-9be9-8489f1ebbdc0', '03b918d0-4635-48d7-88f1-8059062fc6d4', 'aab3b7d9-fc86-4772-9504-bd6aac8b77a6', 11, 3),
  ('14b8556e-f4be-423f-9162-b302ca71ab7f', 'bdff609d-b327-4287-9be9-8489f1ebbdc0', 'f31048a5-8e71-497d-9212-bba696e32083', '49635c97-dc58-4938-9a42-7d68a60a0e25', 19, 10),
  ('34b1bd39-a516-4789-99de-39d5c4e50795', 'bdff609d-b327-4287-9be9-8489f1ebbdc0', '25b49849-c015-4afb-83e0-81ceb7598613', '49635c97-dc58-4938-9a42-7d68a60a0e25', 7, 3),
  ('36c2bf0d-3ccf-42ff-88b2-b4d3801e396d', 'bdff609d-b327-4287-9be9-8489f1ebbdc0', '0e102201-f910-4101-a4bc-cd3703213a41', '49635c97-dc58-4938-9a42-7d68a60a0e25', 10, 3),
  ('3c7d4bd0-7d1f-462c-8c90-4c432d0aa4a0', 'bdff609d-b327-4287-9be9-8489f1ebbdc0', '25b49849-c015-4afb-83e0-81ceb7598613', 'f930b698-fc56-43f8-a7d8-7dbec3c6fce7', 13, 3),
  ('5857d7bb-3320-4656-abcd-38c2c2257f2c', 'bdff609d-b327-4287-9be9-8489f1ebbdc0', '0973854d-17bb-4c9b-b693-4e3c75d8e75a', 'f930b698-fc56-43f8-a7d8-7dbec3c6fce7', 15, 3),
  ('5a1b8b3f-25b3-4add-9f6d-a221b46b2a63', 'bdff609d-b327-4287-9be9-8489f1ebbdc0', '9131f0cd-4899-4851-af95-4015802445de', 'f930b698-fc56-43f8-a7d8-7dbec3c6fce7', 16, 3),
  ('5d5473cc-cf67-4230-8e21-c77cb424f77a', 'bdff609d-b327-4287-9be9-8489f1ebbdc0', '9131f0cd-4899-4851-af95-4015802445de', 'aab3b7d9-fc86-4772-9504-bd6aac8b77a6', 15, 3),
  ('5dc03efc-349b-4ae6-8230-092e7d333cea', 'bdff609d-b327-4287-9be9-8489f1ebbdc0', 'fb60be5c-aaae-4233-9b08-58b21c138ce7', 'aab3b7d9-fc86-4772-9504-bd6aac8b77a6', 3, 10),
  ('5fe6f075-8423-4602-b41a-4e00ca214992', 'bdff609d-b327-4287-9be9-8489f1ebbdc0', 'f31048a5-8e71-497d-9212-bba696e32083', 'aab3b7d9-fc86-4772-9504-bd6aac8b77a6', 2, 10),
  ('640bbed0-c2d0-46c0-ba95-466adf443d87', 'bdff609d-b327-4287-9be9-8489f1ebbdc0', '0973854d-17bb-4c9b-b693-4e3c75d8e75a', 'aab3b7d9-fc86-4772-9504-bd6aac8b77a6', 19, 3),
  ('6b8bf867-a80c-444a-811c-edb0ee72225f', 'bdff609d-b327-4287-9be9-8489f1ebbdc0', 'ba367d3b-086b-4358-8b65-5ab4fbe7234a', '49635c97-dc58-4938-9a42-7d68a60a0e25', 8, 3),
  ('73dc0e7b-f137-4a09-b537-83d0252c1245', 'bdff609d-b327-4287-9be9-8489f1ebbdc0', 'f31048a5-8e71-497d-9212-bba696e32083', 'f930b698-fc56-43f8-a7d8-7dbec3c6fce7', 4, 10),
  ('771d4d6a-69c2-4d70-8bd6-03164265514f', 'bdff609d-b327-4287-9be9-8489f1ebbdc0', 'fb60be5c-aaae-4233-9b08-58b21c138ce7', 'f930b698-fc56-43f8-a7d8-7dbec3c6fce7', 3, 10),
  ('79b75724-9bb3-4e97-9d3a-5090864b6255', 'bdff609d-b327-4287-9be9-8489f1ebbdc0', '1dae1160-01f6-4808-b024-9a31fa840ee9', '49635c97-dc58-4938-9a42-7d68a60a0e25', 18, 3),
  ('9f0880f3-3cc6-4a4e-b16f-8463fc41890e', 'bdff609d-b327-4287-9be9-8489f1ebbdc0', 'fb60be5c-aaae-4233-9b08-58b21c138ce7', '49635c97-dc58-4938-9a42-7d68a60a0e25', 20, 10),
  ('a438e61e-4ac3-4213-9e6f-559cace7d408', 'bdff609d-b327-4287-9be9-8489f1ebbdc0', '1dae1160-01f6-4808-b024-9a31fa840ee9', 'f930b698-fc56-43f8-a7d8-7dbec3c6fce7', 9, 3),
  ('a75eae27-8af3-4286-b648-16b214e69f91', 'bdff609d-b327-4287-9be9-8489f1ebbdc0', '9131f0cd-4899-4851-af95-4015802445de', '49635c97-dc58-4938-9a42-7d68a60a0e25', 5, 3),
  ('b1757a94-43d7-406b-8330-ac8782b88bda', 'bdff609d-b327-4287-9be9-8489f1ebbdc0', '67ca5331-9eb3-4fc2-afe2-8d25e38486df', '49635c97-dc58-4938-9a42-7d68a60a0e25', 16, 3),
  ('b1b21bc8-68a6-4cc3-84df-1a92953bf37e', 'bdff609d-b327-4287-9be9-8489f1ebbdc0', 'ba367d3b-086b-4358-8b65-5ab4fbe7234a', 'aab3b7d9-fc86-4772-9504-bd6aac8b77a6', 9, 3),
  ('b2d1dfdb-fbb0-4ad2-90b4-d7b213b1fc47', 'bdff609d-b327-4287-9be9-8489f1ebbdc0', '0973854d-17bb-4c9b-b693-4e3c75d8e75a', '49635c97-dc58-4938-9a42-7d68a60a0e25', 15, 3),
  ('b7a4f6b2-1d67-407e-967d-52360c4d62ab', 'bdff609d-b327-4287-9be9-8489f1ebbdc0', '03b918d0-4635-48d7-88f1-8059062fc6d4', 'f930b698-fc56-43f8-a7d8-7dbec3c6fce7', 16, 3),
  ('c8a39f2f-73ca-4a7d-9ac5-b73038907101', 'bdff609d-b327-4287-9be9-8489f1ebbdc0', '03b918d0-4635-48d7-88f1-8059062fc6d4', '49635c97-dc58-4938-9a42-7d68a60a0e25', 12, 3),
  ('efe318bd-2483-414a-8f19-099fee0d3e5c', 'bdff609d-b327-4287-9be9-8489f1ebbdc0', '67ca5331-9eb3-4fc2-afe2-8d25e38486df', 'f930b698-fc56-43f8-a7d8-7dbec3c6fce7', 4, 3),
  ('f10e52d4-bed9-4d01-82d1-56fe82d8e605', 'bdff609d-b327-4287-9be9-8489f1ebbdc0', '67ca5331-9eb3-4fc2-afe2-8d25e38486df', 'aab3b7d9-fc86-4772-9504-bd6aac8b77a6', 20, 3),
  ('f4f90c1c-bd03-4d67-8c76-1a97d180f6d4', 'bdff609d-b327-4287-9be9-8489f1ebbdc0', '1dae1160-01f6-4808-b024-9a31fa840ee9', 'aab3b7d9-fc86-4772-9504-bd6aac8b77a6', 8, 3)
ON CONFLICT DO NOTHING;

-- ── suppliers ──────────────────────────────────────────
-- suppliers: empty

-- ── lab_vendors ──────────────────────────────────────────
-- lab_vendors: empty

-- ── shifts ──────────────────────────────────────────
-- shifts: empty

-- ── orders ──────────────────────────────────────────
INSERT INTO "orders" ("id", "tenant_id", "order_number", "customer_id", "seller_id", "branch_id", "shift_id", "total_amount", "discount_amount", "net_amount", "paid_amount", "payment_method", "status", "is_etax_requested", "notes", "created_at", "updated_at") VALUES
  ('d6789218-ee17-4b6a-8383-c109b09231c3', 'bdff609d-b327-4287-9be9-8489f1ebbdc0', 'EF-20260609-0001', NULL, '026ea8f7-9a4b-4abb-a821-98b664b3f998', 'aab3b7d9-fc86-4772-9504-bd6aac8b77a6', NULL, 16290, 0, 16290, 16290, 'CREDIT_CARD', 'PENDING', FALSE, '', '2026-06-09T09:13:07.915Z', '2026-06-09T09:13:07.915Z')
ON CONFLICT DO NOTHING;

-- ── order_items ──────────────────────────────────────────
INSERT INTO "order_items" ("id", "order_id", "product_id", "quantity", "price", "discount", "tenant_id") VALUES
  ('0c07c8a6-1647-4ec1-982d-54462e7296e1', 'd6789218-ee17-4b6a-8383-c109b09231c3', '0e102201-f910-4101-a4bc-cd3703213a41', 1, 6800, 0, 'bdff609d-b327-4287-9be9-8489f1ebbdc0'),
  ('34a69f4a-47d0-492a-915f-2b693bee341e', 'd6789218-ee17-4b6a-8383-c109b09231c3', '0973854d-17bb-4c9b-b693-4e3c75d8e75a', 1, 2800, 0, 'bdff609d-b327-4287-9be9-8489f1ebbdc0'),
  ('6ae3c9b7-b392-43c2-94e2-8c025c54aba7', 'd6789218-ee17-4b6a-8383-c109b09231c3', 'ba367d3b-086b-4358-8b65-5ab4fbe7234a', 1, 5800, 0, 'bdff609d-b327-4287-9be9-8489f1ebbdc0'),
  ('aaa8cc07-dcaa-434f-86a7-080cd755718d', 'd6789218-ee17-4b6a-8383-c109b09231c3', 'f31048a5-8e71-497d-9212-bba696e32083', 1, 890, 0, 'bdff609d-b327-4287-9be9-8489f1ebbdc0')
ON CONFLICT DO NOTHING;

-- ── job_tickets ──────────────────────────────────────────
-- job_tickets: empty

-- ── installments ──────────────────────────────────────────
-- installments: empty

-- ── appointments ──────────────────────────────────────────
-- appointments: empty

-- ── claims ──────────────────────────────────────────
-- claims: empty

-- ── stock_transfers ──────────────────────────────────────────
-- stock_transfers: empty

-- ── commission_rules ──────────────────────────────────────────
-- commission_rules: empty

-- ── audit_logs ──────────────────────────────────────────
INSERT INTO "audit_logs" ("id", "tenant_id", "user_id", "user_name", "action", "target", "detail", "created_at", "ip_address", "user_agent", "metadata", "severity", "user_role", "status", "old_value", "new_value") VALUES
  ('201c8d54-49f9-431e-9c52-c5adc1cfb305', 'bdff609d-b327-4287-9be9-8489f1ebbdc0', '026ea8f7-9a4b-4abb-a821-98b664b3f998', '???? ??????', 'SYSTEM_LOGIN', 'user:sales@eyefocus.com', 'Login from eyefocus-demo — role: SALES', '2026-06-09T00:05:23.144Z', '58.136.26.148', 'Mozilla/5.0 (Windows NT 10.0; Win64; x64) AppleWebKit/537.36 (KHTML, like Gecko) Chrome/149.0.0.0 Safari/537.36', NULL, 'LOW', NULL, 'success', NULL, NULL),
  ('247558e7-8499-431f-81c7-e0c07a68a62d', 'bdff609d-b327-4287-9be9-8489f1ebbdc0', '92b45d61-885d-4101-aed0-5b627248cf27', '????? ????', 'SYSTEM_LOGIN', 'user:owner@eyefocus.com', 'Login from eyefocus-demo — role: OWNER', '2026-06-09T00:04:48.461Z', '58.136.26.148', 'Mozilla/5.0 (Windows NT 10.0; Win64; x64) AppleWebKit/537.36 (KHTML, like Gecko) Chrome/149.0.0.0 Safari/537.36', NULL, 'LOW', NULL, 'success', NULL, NULL),
  ('314d0d2b-6510-4521-8e67-5e3aa13dca12', 'bdff609d-b327-4287-9be9-8489f1ebbdc0', 'ec81be78-9dad-47e9-bce7-b0d2c4d2f39b', 'วิภา รักดี', 'SYSTEM_LOGIN', 'user:manager@eyefocus.com', 'Login from eyefocus-demo — role: MANAGER', '2026-06-09T08:40:12.355Z', '184.22.110.99', 'Mozilla/5.0 (Windows NT 10.0; Win64; x64) AppleWebKit/537.36 (KHTML, like Gecko) Chrome/149.0.0.0 Safari/537.36', NULL, 'LOW', NULL, 'success', NULL, NULL),
  ('33f63257-cc32-44b7-890a-c07b7870f4e5', 'bdff609d-b327-4287-9be9-8489f1ebbdc0', 'a332621d-1076-4269-840c-29cdd0fb726f', 'ดร.ดวงตา คมชัด', 'SYSTEM_LOGIN', 'user:od@eyefocus.com', 'Login from eyefocus-demo — role: OD', '2026-06-09T08:48:00.986Z', '184.22.110.99', 'Mozilla/5.0 (Windows NT 10.0; Win64; x64) AppleWebKit/537.36 (KHTML, like Gecko) Chrome/149.0.0.0 Safari/537.36', NULL, 'LOW', NULL, 'success', NULL, NULL),
  ('3f2a2710-23d1-4a80-9211-ee9f1915ec24', 'bdff609d-b327-4287-9be9-8489f1ebbdc0', '92b45d61-885d-4101-aed0-5b627248cf27', 'สมชาย ใจดี', 'SYSTEM_LOGIN', 'user:owner@eyefocus.com', 'Login from eyefocus-demo — role: OWNER', '2026-06-09T08:44:43.774Z', '184.22.110.99', 'Mozilla/5.0 (Windows NT 10.0; Win64; x64) AppleWebKit/537.36 (KHTML, like Gecko) Chrome/149.0.0.0 Safari/537.36', NULL, 'LOW', NULL, 'success', NULL, NULL),
  ('45e137a4-d4f6-4c9b-8e6d-95dc5a4cb83a', 'bdff609d-b327-4287-9be9-8489f1ebbdc0', 'a332621d-1076-4269-840c-29cdd0fb726f', 'ดร.ดวงตา คมชัด', 'CUSTOMER_UPDATED', 'b42c13d0-5ee0-4b4c-a9b9-edc4c45fc1b2', 'บันทึกค่าสายตา OD: 2.5/-/- OS: 2/-/-', '2026-06-09T04:11:47.617Z', NULL, NULL, NULL, 'LOW', NULL, 'success', NULL, NULL),
  ('533d55a5-da39-46a6-ad5a-f7c4b41c7e6e', 'bdff609d-b327-4287-9be9-8489f1ebbdc0', '026ea8f7-9a4b-4abb-a821-98b664b3f998', 'สุดา ยิ้มดี', 'ORDER_CREATED', 'd6789218-ee17-4b6a-8383-c109b09231c3', 'Order EF-20260609-0001 created. Net: 16290 THB', '2026-06-09T09:13:08.092Z', NULL, NULL, NULL, 'LOW', NULL, 'success', NULL, NULL),
  ('57fdc8d6-d78e-4b49-9176-aadb6e224156', 'bdff609d-b327-4287-9be9-8489f1ebbdc0', '92b45d61-885d-4101-aed0-5b627248cf27', 'สมชาย ใจดี', 'SYSTEM_LOGIN', 'user:owner@eyefocus.com', 'Login from eyefocus-demo — role: OWNER', '2026-06-09T08:12:06.418Z', '184.22.110.99', 'Mozilla/5.0 (Windows NT 10.0; Win64; x64) AppleWebKit/537.36 (KHTML, like Gecko) Chrome/149.0.0.0 Safari/537.36', NULL, 'LOW', NULL, 'success', NULL, NULL),
  ('76046bf7-ab7d-45c3-b48d-8f925c9e7597', 'bdff609d-b327-4287-9be9-8489f1ebbdc0', 'a332621d-1076-4269-840c-29cdd0fb726f', 'ดร.ดวงตา คมชัด', 'CUSTOMER_UPDATED', 'b42c13d0-5ee0-4b4c-a9b9-edc4c45fc1b2', 'บันทึกค่าสายตา OD: 3/-/- OS: 3/-/-', '2026-06-09T04:12:05.350Z', NULL, NULL, NULL, 'LOW', NULL, 'success', NULL, NULL),
  ('884a92cd-cab4-42d5-b1d7-6fa127750917', 'bdff609d-b327-4287-9be9-8489f1ebbdc0', '92b45d61-885d-4101-aed0-5b627248cf27', 'สมชาย ใจดี', 'USER_ROLE_CHANGED', 'tenant_permissions', 'อัปเดตสิทธิ์การใช้งาน: 1 action(s) ถูกแก้ไข', '2026-06-09T08:49:34.119Z', NULL, NULL, NULL, 'LOW', NULL, 'success', NULL, NULL),
  ('8997b767-1463-49f9-b62a-b81ce8ed0431', 'bdff609d-b327-4287-9be9-8489f1ebbdc0', 'ec81be78-9dad-47e9-bce7-b0d2c4d2f39b', 'วิภา รักดี', 'SYSTEM_LOGIN', 'user:manager@eyefocus.com', 'Login from eyefocus-demo — role: MANAGER', '2026-06-09T00:13:41.295Z', '58.136.26.148', 'Mozilla/5.0 (Windows NT 10.0; Win64; x64) AppleWebKit/537.36 (KHTML, like Gecko) Chrome/149.0.0.0 Safari/537.36', NULL, 'LOW', NULL, 'success', NULL, NULL),
  ('922c0692-7ad3-430a-98a6-af8da2aa4dfc', 'bdff609d-b327-4287-9be9-8489f1ebbdc0', '92b45d61-885d-4101-aed0-5b627248cf27', 'สมชาย ใจดี', 'SYSTEM_LOGIN', 'user:owner@eyefocus.com', 'Login from eyefocus-demo — role: OWNER', '2026-06-09T08:48:54.674Z', '184.22.110.99', 'Mozilla/5.0 (Windows NT 10.0; Win64; x64) AppleWebKit/537.36 (KHTML, like Gecko) Chrome/149.0.0.0 Safari/537.36', NULL, 'LOW', NULL, 'success', NULL, NULL),
  ('b1d1a6bc-0528-42fc-8e2e-11e151a6774c', 'bdff609d-b327-4287-9be9-8489f1ebbdc0', '026ea8f7-9a4b-4abb-a821-98b664b3f998', 'สุดา ยิ้มดี', 'SYSTEM_LOGIN', 'user:sales@eyefocus.com', 'Login from eyefocus-demo — role: SALES', '2026-06-09T08:40:30.528Z', '184.22.110.99', 'Mozilla/5.0 (Windows NT 10.0; Win64; x64) AppleWebKit/537.36 (KHTML, like Gecko) Chrome/149.0.0.0 Safari/537.36', NULL, 'LOW', NULL, 'success', NULL, NULL),
  ('d08ae092-cea0-47ab-b40b-e653359585b5', 'bdff609d-b327-4287-9be9-8489f1ebbdc0', 'a332621d-1076-4269-840c-29cdd0fb726f', 'ดร.ดวงตา คมชัด', 'CUSTOMER_UPDATED', 'customer:b42c13d0-5ee0-4b4c-a9b9-edc4c45fc1b2', 'อัปเดตข้อมูลลูกค้า', '2026-06-09T04:12:25.617Z', '49.237.21.238', 'Mozilla/5.0 (Linux; Android 16; SM-F966B Build/BP4A.251205.006; wv) AppleWebKit/537.36 (KHTML, like Gecko) Version/4.0 Chrome/148.0.7778.215 Mobile Safari/537.36 Line/26.8.0/IAB', NULL, 'MEDIUM', NULL, 'success', NULL, NULL),
  ('e9c2aef3-e02f-44e1-b4ec-95947d6a1fe6', 'bdff609d-b327-4287-9be9-8489f1ebbdc0', '92b45d61-885d-4101-aed0-5b627248cf27', 'สมชาย ใจดี', 'SYSTEM_LOGIN', 'user:owner@eyefocus.com', 'Login from eyefocus-demo — role: OWNER', '2026-06-09T00:24:39.154Z', '58.136.26.148', 'Mozilla/5.0 (Windows NT 10.0; Win64; x64) AppleWebKit/537.36 (KHTML, like Gecko) Chrome/149.0.0.0 Safari/537.36', NULL, 'LOW', NULL, 'success', NULL, NULL),
  ('ef5357b2-4141-4025-9fc0-aa141112ffe4', 'bdff609d-b327-4287-9be9-8489f1ebbdc0', '6d1c18f4-d431-43e8-abff-f8cfaa966e3a', '???????? ????', 'SYSTEM_LOGIN', 'user:optician@eyefocus.com', 'Login from eyefocus-demo — role: OPTICIAN', '2026-06-09T00:05:11.399Z', '58.136.26.148', 'Mozilla/5.0 (Windows NT 10.0; Win64; x64) AppleWebKit/537.36 (KHTML, like Gecko) Chrome/149.0.0.0 Safari/537.36', NULL, 'LOW', NULL, 'success', NULL, NULL),
  ('f117f1a4-14cf-4e06-8822-fbef0e5147ec', 'bdff609d-b327-4287-9be9-8489f1ebbdc0', 'a332621d-1076-4269-840c-29cdd0fb726f', 'ดร.ดวงตา คมชัด', 'SYSTEM_LOGIN', 'user:od@eyefocus.com', 'Login from eyefocus-demo — role: OD', '2026-06-09T08:40:22.417Z', '184.22.110.99', 'Mozilla/5.0 (Windows NT 10.0; Win64; x64) AppleWebKit/537.36 (KHTML, like Gecko) Chrome/149.0.0.0 Safari/537.36', NULL, 'LOW', NULL, 'success', NULL, NULL),
  ('f3a3986f-e1c3-4a54-b8c1-85d38a2d7212', 'bdff609d-b327-4287-9be9-8489f1ebbdc0', '92b45d61-885d-4101-aed0-5b627248cf27', 'สมชาย ใจดี', 'SYSTEM_LOGIN', 'user:owner@eyefocus.com', 'Login from eyefocus-demo — role: OWNER', '2026-06-09T00:13:36.631Z', '58.136.26.148', 'Mozilla/5.0 (Windows NT 10.0; Win64; x64) AppleWebKit/537.36 (KHTML, like Gecko) Chrome/149.0.0.0 Safari/537.36', NULL, 'LOW', NULL, 'success', NULL, NULL)
ON CONFLICT DO NOTHING;

SET session_replication_role = DEFAULT;
